dgp,n,lag,rep,causal,method,stat,pvalue,reject,elapsed
S1,1000,1,9,False,drgc,0.92188566015615,0.1603206412825651,False,12.960585600005288
S1,1000,1,9,False,drgc_naive,0.7443088904435929,0.8076152304609219,False,1.14673159999802
S1,1000,1,4,False,drgc,0.71902115728208,0.4669338677354709,False,13.260847300000025
S1,1000,1,4,False,drgc_naive,0.6761973119388021,0.8837675350701403,False,1.399723800001084
S1,1000,1,1,False,drgc,0.7357222754201934,0.3887775551102204,False,13.253884700003256
S1,1000,1,1,False,drgc_naive,0.6688723602975937,0.8416833667334669,False,1.3946249000000537
S1,1000,1,0,False,drgc,0.8347742912174365,0.2985971943887776,False,13.212543999994525
S1,1000,1,0,False,drgc_naive,0.8581102989952235,0.6613226452905812,False,1.3763000999970243
S1,1000,1,5,False,drgc,0.9040138380797952,0.1382765531062124,False,13.093774400003896
S1,1000,1,5,False,drgc_naive,0.9782035810533588,0.5170340681362725,False,1.3974478999953135
S1,1000,1,7,False,drgc,0.9455742954093664,0.1683366733466934,False,13.18277069999749
S1,1000,1,7,False,drgc_naive,0.8651023030133069,0.6753507014028056,False,1.3824736999958986
S1,1000,1,3,False,drgc,0.5560219257436049,0.6352705410821643,False,13.284221800000523
S1,1000,1,3,False,drgc_naive,0.6182531383953127,0.87374749498998,False,1.3358066999935545
S1,1000,1,10,False,drgc,0.5225758311643213,0.7194388777555111,False,13.244412300002296
S1,1000,1,10,False,drgc_naive,0.3603306459620311,0.9939879759519038,False,1.3675934999992023
S1,1000,1,6,False,drgc,0.4996249926469642,0.7294589178356713,False,13.281456600001547
S1,1000,1,6,False,drgc_naive,0.4135133928693698,0.9879759519038076,False,1.377909399998316
S1,1000,1,8,False,drgc,0.4604372385891083,0.7394789579158316,False,13.238772099997732
S1,1000,1,8,False,drgc_naive,0.6674389907728577,0.811623246492986,False,1.404581299997517
S1,1000,1,2,False,drgc,0.5927535831405603,0.5390781563126252,False,13.380815700002133
S1,1000,1,2,False,drgc_naive,0.6564173450166236,0.8256513026052105,False,1.3729434000051697
S1,1000,1,18,False,drgc,0.391972731526439,0.875751503006012,False,5.622466399996483
S1,1000,1,18,False,drgc_naive,0.3196957424384595,0.997995991983968,False,0.8083639999968
S1,1000,1,11,False,drgc,0.725337509942406,0.3987975951903807,False,6.393368700002611
S1,1000,1,11,False,drgc_naive,0.6846385295855912,0.8236472945891784,False,1.4839920999947935
S1,1000,1,14,False,drgc,0.8262911748750896,0.2845691382765531,False,6.454719399996975
S1,1000,1,14,False,drgc_naive,0.7686152625822915,0.749498997995992,False,1.3705126999993809
S1,1000,1,12,False,drgc,0.3860043154012946,0.8777555110220441,False,6.463437200000044
S1,1000,1,12,False,drgc_naive,0.3741266051332805,0.997995991983968,False,1.47425249999651
S1,1000,1,13,False,drgc,0.9525862248524312,0.1462925851703407,False,6.43132670000341
S1,1000,1,13,False,drgc_naive,0.8547210445156365,0.6653306613226453,False,1.5026146000018343
S1,1000,1,16,False,drgc,1.423291552018631,0.0080160320641282,True,6.414579800002684
S1,1000,1,16,False,drgc_naive,1.3701590967835595,0.1723446893787575,False,1.4387779000026055
S1,1000,1,21,False,drgc,0.6282121133557003,0.5671342685370742,False,6.404598699999042
S1,1000,1,21,False,drgc_naive,0.5997331769026693,0.8997995991983968,False,1.376366299999063
S1,1000,1,15,False,drgc,0.941099195068986,0.1482965931863727,False,6.4987140000012005
S1,1000,1,15,False,drgc_naive,0.7585581562521442,0.7354709418837675,False,1.547799899999518
S1,1000,1,20,False,drgc,0.6746770240747809,0.4509018036072144,False,6.396114499999385
S1,1000,1,20,False,drgc_naive,0.6041497611392479,0.8677354709418837,False,1.5012886000040453
S1,1000,1,17,False,drgc,0.6334030885312752,0.5691382765531062,False,6.461773000002722
S1,1000,1,17,False,drgc_naive,0.6052922830392624,0.8937875751503006,False,1.512649699994654
S1,1000,1,19,False,drgc,1.2165074555137867,0.0741482965931863,False,6.401045999999042
S1,1000,1,19,False,drgc_naive,1.1965158806632945,0.342685370741483,False,1.570593700002064
S1,1000,1,22,False,drgc,1.0774677973107705,0.0881763527054108,False,5.888884400003008
S1,1000,1,22,False,drgc_naive,0.9297366920982176,0.5190380761523046,False,1.0845738999996684
S1,1000,1,30,False,drgc,0.5142316852266636,0.7575150300601202,False,5.978950700002315
S1,1000,1,30,False,drgc_naive,0.3942749403509972,0.9899799599198396,False,1.137642599998799
S1,1000,1,23,False,drgc,1.1196374052064209,0.1082164328657314,False,6.381999500001257
S1,1000,1,23,False,drgc_naive,1.1113694350132208,0.3847695390781563,False,1.4278090000007069
S1,1000,1,25,False,drgc,0.5053492482075469,0.7354709418837675,False,6.219341300005908
S1,1000,1,25,False,drgc_naive,0.7223248672466513,0.8677354709418837,False,1.4423004000054789
S1,1000,1,28,False,drgc,0.5466221213229064,0.6132264529058116,False,6.172394899993378
S1,1000,1,28,False,drgc_naive,0.6468622416466989,0.8476953907815631,False,1.443302899999253
S1,1000,1,27,False,drgc,0.3491817732475968,0.905811623246493,False,6.303225299998303
S1,1000,1,27,False,drgc_naive,0.4470024735327673,0.9839679358717436,False,1.3674446000004536
S1,1000,1,26,False,drgc,0.6203084324912889,0.5450901803607214,False,6.315663299996231
S1,1000,1,26,False,drgc_naive,0.7170449017269845,0.8136272545090181,False,1.4715107999945758
S1,1000,1,32,False,drgc,0.7222501961411526,0.4428857715430861,False,6.198435099999188
S1,1000,1,32,False,drgc_naive,0.9993550911679328,0.5210420841683366,False,1.356023100001039
S1,1000,1,24,False,drgc,0.4679468045391382,0.8496993987975952,False,6.467790000002424
S1,1000,1,24,False,drgc_naive,0.3758838962173209,0.9919839679358716,False,1.4767175000015411
S1,1000,1,31,False,drgc,0.1607434102282581,0.9919839679358716,False,6.3431036999973
S1,1000,1,31,False,drgc_naive,0.3018107055677684,0.995991983967936,False,1.3409467000019504
S1,1000,1,29,False,drgc,0.5282361021586356,0.6352705410821643,False,6.45167660000152
S1,1000,1,29,False,drgc_naive,0.4544767845972023,0.9478957915831664,False,1.5164502000043285
S1,1000,1,34,False,drgc,0.2940902425410592,0.9158316633266532,False,4.459396599995671
S1,1000,1,34,False,drgc_naive,0.3399149333974149,0.9859719438877756,False,1.467951799997536
S1,1000,1,33,False,drgc,0.6582837817427327,0.5090180360721442,False,6.525903800000378
S1,1000,1,33,False,drgc_naive,0.7501145820638881,0.7995991983967936,False,1.4992232999939006
S1,1000,1,35,False,drgc,0.6084639562839073,0.5671342685370742,False,6.30979639999714
S1,1000,1,35,False,drgc_naive,0.4971009438919486,0.9619238476953909,False,1.482372899998154
S1,1000,1,36,False,drgc,0.2603419478590695,0.9919839679358716,False,6.404044499999145
S1,1000,1,36,False,drgc_naive,0.3722989157506728,0.9939879759519038,False,1.3191750999976648
S1,1000,1,37,False,drgc,0.7640021310575746,0.2665330661322645,False,6.486855600000126
S1,1000,1,37,False,drgc_naive,0.8210789488886758,0.6733466933867736,False,1.3654067000024952
S1,1000,1,41,False,drgc,1.3613833301277374,0.0100200400801603,True,6.3951873000041815
S1,1000,1,41,False,drgc_naive,1.3456656273819891,0.1823647294589178,False,1.3823329999941052
S1,1000,1,40,False,drgc,0.4150040668979693,0.8316633266533067,False,6.539105900003051
S1,1000,1,40,False,drgc_naive,0.3563265185112835,0.995991983967936,False,1.3503462000007858
S1,1000,1,42,False,drgc,0.6175383140345017,0.4729458917835671,False,6.410443900000246
S1,1000,1,42,False,drgc_naive,0.6281287547259151,0.87374749498998,False,1.3777690999995684
S1,1000,1,39,False,drgc,0.6401864212240167,0.6653306613226453,False,6.569291100000555
S1,1000,1,39,False,drgc_naive,0.5592159403480895,0.9458917835671342,False,1.3639842999982648
S1,1000,1,38,False,drgc,1.5006187707841108,0.0160320641282565,True,6.61277539999719
S1,1000,1,38,False,drgc_naive,1.4642434631182917,0.1482965931863727,False,1.388992699998198
S1,1000,1,43,False,drgc,0.675567473766084,0.4549098196392785,False,6.752520200003346
S1,1000,1,43,False,drgc_naive,0.5389794331831159,0.9278557114228456,False,1.3656562000032864
S1,1000,1,44,False,drgc,0.4322677140861212,0.7915831663326653,False,6.216410799999721
S1,1000,1,44,False,drgc_naive,0.318845565369272,0.9899799599198396,False,1.306533599999966
S1,1000,1,45,False,drgc,0.8433670584300467,0.2785571142284569,False,6.295752700003504
S1,1000,1,45,False,drgc_naive,0.7736915630227631,0.7535070140280561,False,1.4251831000001405
S1,1000,1,48,False,drgc,0.6152637197586713,0.5470941883767535,False,5.465589199993701
S1,1000,1,48,False,drgc_naive,0.4916955699639365,0.9438877755511024,False,0.7863283000042429
S1,1000,1,47,False,drgc,0.6673655352182055,0.5430861723446894,False,5.921823699995002
S1,1000,1,47,False,drgc_naive,0.6005477911228256,0.9118236472945892,False,1.2304265999991912
S1,1000,1,46,False,drgc,1.140700209952104,0.0661322645290581,False,5.972401099999843
S1,1000,1,46,False,drgc_naive,1.1709877124340171,0.3266533066132264,False,1.354424299999664
S1,1000,1,51,False,drgc,1.1970785929191017,0.0521042084168336,False,5.744769099997939
S1,1000,1,51,False,drgc_naive,1.2198563478751865,0.250501002004008,False,1.1626939999987371
S1,1000,1,50,False,drgc,0.5964825465270748,0.6392785571142284,False,6.0254990000030375
S1,1000,1,50,False,drgc_naive,0.7322744652088754,0.7915831663326653,False,1.3772013999987394
S1,1000,1,52,False,drgc,0.4339752765766608,0.6993987975951904,False,6.00611800000479
S1,1000,1,52,False,drgc_naive,0.4488519532384877,0.9539078156312624,False,1.382244600004924
S1,1000,1,49,False,drgc,0.4556118385800698,0.845691382765531,False,6.061812400002964
S1,1000,1,49,False,drgc_naive,0.7787027570928534,0.779559118236473,False,1.435451400000602
S1,1000,1,53,False,drgc,0.4682456223930252,0.7595190380761523,False,6.003364899996086
S1,1000,1,53,False,drgc_naive,0.3919658656616476,0.9879759519038076,False,1.38445430000138
S1,1000,1,54,False,drgc,0.4648865529723768,0.8236472945891784,False,6.21275980000064
S1,1000,1,54,False,drgc_naive,0.4675164845028802,0.9559118236472944,False,1.3747057000000495
S1,1000,1,55,False,drgc,0.9922631461833652,0.1182364729458917,False,6.127296099999512
S1,1000,1,55,False,drgc_naive,0.9846359360894672,0.5511022044088176,False,1.395050099999935
S1,1000,1,56,False,drgc,1.0218888272984823,0.1302605210420841,False,6.096913000001223
S1,1000,1,56,False,drgc_naive,1.031704573203544,0.4909819639278557,False,1.381283299997449
S1,1000,1,57,False,drgc,0.4074844264758194,0.8016032064128257,False,6.117090899999312
S1,1000,1,57,False,drgc_naive,0.5314558518185482,0.9218436873747496,False,1.3987961999955587
S1,1000,1,58,False,drgc,0.5223350331024338,0.7635270541082164,False,6.09617089999665
S1,1000,1,58,False,drgc_naive,0.4977092316299085,0.9659318637274548,False,1.3545604000028106
S1,1000,1,59,False,drgc,0.3167400970212332,0.9138276553106212,False,6.077515600001789
S1,1000,1,59,False,drgc_naive,0.2766960554305482,0.995991983967936,False,1.369614700000966
S1,1000,1,60,False,drgc,0.7604965610784207,0.4268537074148296,False,6.122926399999415
S1,1000,1,60,False,drgc_naive,0.6438583896082489,0.8717434869739479,False,1.3164147999996203
S1,1000,1,62,False,drgc,0.3758033886079277,0.93186372745491,False,5.907133100001374
S1,1000,1,62,False,drgc_naive,0.4248431983688734,0.9859719438877756,False,1.3622820000018692
S1,1000,1,64,False,drgc,1.4373523304400866,0.0080160320641282,True,6.012523899997177
S1,1000,1,64,False,drgc_naive,1.572225269564261,0.1342685370741483,False,1.3428860999993049
S1,1000,1,63,False,drgc,0.3147150328106237,0.939879759519038,False,6.046288600002299
S1,1000,1,63,False,drgc_naive,0.4220978861003736,0.9899799599198396,False,1.3874900000009802
S1,1000,1,61,False,drgc,0.5327199105094826,0.5511022044088176,False,6.10032059999503
S1,1000,1,61,False,drgc_naive,0.6480749664943452,0.8517034068136272,False,1.3627286000046297
S1,1000,1,65,False,drgc,1.269027302483173,0.034068136272545,True,6.252931399998488
S1,1000,1,65,False,drgc_naive,1.1720585895896136,0.3567134268537074,False,1.3902949999974226
S1,1000,1,66,False,drgc,0.8886414676224241,0.280561122244489,False,6.009994500003813
S1,1000,1,66,False,drgc_naive,0.8753716236731274,0.6212424849699398,False,1.3939181999958237
S1,1000,1,67,False,drgc,0.9056465043231798,0.2264529058116232,False,6.043644600002153
S1,1000,1,67,False,drgc_naive,0.8955371873464438,0.6533066132264529,False,1.4024639999988722
S1,1000,1,70,False,drgc,0.6652443847493248,0.4649298597194389,False,5.56642699999793
S1,1000,1,70,False,drgc_naive,0.5975843754401979,0.8897795591182365,False,0.8828684999971301
S1,1000,1,68,False,drgc,0.949809036057156,0.1242484969939879,False,5.958736100001261
S1,1000,1,68,False,drgc_naive,1.032022074656649,0.3787575150300601,False,1.372654100006912
S1,1000,1,69,False,drgc,0.9802750257914028,0.1482965931863727,False,5.913050199997088
S1,1000,1,69,False,drgc_naive,1.231505911254252,0.2625250501002004,False,1.357065099997271
S1,1000,1,71,False,drgc,1.5671490890368225,0.0200400801603206,True,6.022144499998831
S1,1000,1,71,False,drgc_naive,1.637287713732584,0.1062124248496994,False,1.410000100004254
S1,1000,1,72,False,drgc,0.5586845718138705,0.6092184368737475,False,6.033626399999776
S1,1000,1,72,False,drgc_naive,0.5070100538006801,0.9559118236472944,False,1.4097534000029557
S1,1000,1,73,False,drgc,1.131925629282374,0.096192384769539,False,6.084537200003979
S1,1000,1,73,False,drgc_naive,0.7762539453712838,0.749498997995992,False,1.396463400000357
S1,1000,1,74,False,drgc,1.3729153232293438,0.0200400801603206,True,6.028125599994382
S1,1000,1,74,False,drgc_naive,1.3993125409262377,0.1823647294589178,False,1.3774284000028274
S1,1000,1,75,False,drgc,0.7104609571326281,0.4228456913827655,False,6.034788500001014
S1,1000,1,75,False,drgc_naive,0.6072312067271668,0.8817635270541082,False,1.387691800002358
S1,1000,1,76,False,drgc,1.1297035081268836,0.0480961923847695,True,6.0949213999992935
S1,1000,1,76,False,drgc_naive,1.160843207245742,0.3386773547094188,False,1.3667433000009623
S1,1000,1,77,False,drgc,0.6266517189590542,0.5971943887775552,False,6.064465900002688
S1,1000,1,77,False,drgc_naive,0.5222446651786207,0.9679358717434868,False,1.4461385999966296
S1,1000,1,78,False,drgc,0.4111940334981855,0.8476953907815631,False,6.124967800002196
S1,1000,1,78,False,drgc_naive,0.4658542460472417,0.9819639278557114,False,1.610137499999837
S1,1000,1,79,False,drgc,0.5518794016668251,0.5210420841683366,False,6.087805099996331
S1,1000,1,79,False,drgc_naive,0.4556984726250365,0.969939879759519,False,1.619860000006156
S1,1000,1,80,False,drgc,0.8237756964381553,0.3186372745490982,False,6.021938999998383
S1,1000,1,80,False,drgc_naive,0.8997818708811117,0.6212424849699398,False,1.5533387000032235
S1,1000,1,82,False,drgc,0.3155258370055921,0.93186372745491,False,5.935567299995455
S1,1000,1,82,False,drgc_naive,0.2918520806538819,1.0,False,1.2570288999995682
S1,1000,1,81,False,drgc,0.9109004448109392,0.2404809619238476,False,6.155170700003509
S1,1000,1,81,False,drgc_naive,0.8940607018434523,0.6392785571142284,False,1.5268872999949965
S1,1000,1,86,False,drgc,0.4731415174821409,0.7735470941883767,False,6.013946399994893
S1,1000,1,86,False,drgc_naive,0.4946383910427113,0.9498997995991983,False,1.4682851000034134
S1,1000,1,85,False,drgc,0.5169833807760836,0.7294589178356713,False,6.027825400000438
S1,1000,1,85,False,drgc_naive,0.5454488602192978,0.9418837675350702,False,1.4893827000050806
S1,1000,1,84,False,drgc,0.6232904210454163,0.4428857715430861,False,6.164298699994106
S1,1000,1,84,False,drgc_naive,0.6854382035108946,0.8216432865731463,False,1.490344300000288
S1,1000,1,83,False,drgc,0.9232393998585504,0.2244488977955911,False,6.334968100003607
S1,1000,1,83,False,drgc_naive,0.9460342009746264,0.591182364729459,False,1.4981427999955486
S1,1000,1,87,False,drgc,0.4397150956363775,0.8256513026052105,False,6.115401399998518
S1,1000,1,87,False,drgc_naive,0.4483701453980888,0.9859719438877756,False,1.3580767999956151
S1,1000,1,93,False,drgc,0.6029796066703897,0.5531062124248497,False,3.9146550000004936
S1,1000,1,93,False,drgc_naive,0.793214842669207,0.7354709418837675,False,1.4952793999982532
S1,1000,1,88,False,drgc,0.7890062165211147,0.2885771543086172,False,5.974337600004219
S1,1000,1,88,False,drgc_naive,0.7009604372617311,0.8176352705410822,False,1.3642451999985497
S1,1000,1,92,False,drgc,0.9402064475623382,0.158316633266533,False,5.85828169999877
S1,1000,1,92,False,drgc_naive,0.832003158502163,0.7214428857715431,False,1.3250129000007291
S1,1000,1,89,False,drgc,0.5024136424186051,0.56312625250501,False,6.469806500004779
S1,1000,1,89,False,drgc_naive,0.6827843980819317,0.7134268537074149,False,1.3095552999948268
S1,1000,1,90,False,drgc,0.7889389701333394,0.3386773547094188,False,6.5029269000006025
S1,1000,1,90,False,drgc_naive,0.7791654168059825,0.7895791583166333,False,1.2793179000000237
S1,1000,1,91,False,drgc,1.1633624812438037,0.0360721442885771,True,6.463042700001097
S1,1000,1,91,False,drgc_naive,1.196764888278312,0.3046092184368738,False,1.2946746999950849
S1,1000,1,94,False,drgc,0.4526364308943144,0.8056112224448898,False,5.804402699999628
S1,1000,1,94,False,drgc_naive,0.4252683753490613,0.9899799599198396,False,1.2909913999974378
S1,1000,1,95,False,drgc,0.8372145114465241,0.2585170340681362,False,6.336748800000351
S1,1000,1,95,False,drgc_naive,0.776745277600057,0.749498997995992,False,1.3274499000035576
S1,1000,1,96,False,drgc,1.3744556333650144,0.0120240480961923,True,6.355381800000032
S1,1000,1,96,False,drgc_naive,1.3771740889144046,0.2284569138276553,False,1.342308300001605
S1,1000,1,97,False,drgc,0.7272278205960252,0.5050100200400801,False,6.31845980000071
S1,1000,1,97,False,drgc_naive,0.70878261678187,0.8517034068136272,False,1.3393532000045525
S1,1000,1,98,False,drgc,0.7749363977191907,0.342685370741483,False,6.2298440000013215
S1,1000,1,98,False,drgc_naive,0.8940610333151328,0.6332665330661322,False,1.3585889999958454
S1,1000,1,99,False,drgc,0.372424187649441,0.9298597194388778,False,5.997343199996976
S1,1000,1,99,False,drgc_naive,0.5661091018740049,0.93186372745491,False,1.3864181000026292
S1,1000,1,100,False,drgc,0.5187921098879283,0.7555110220440882,False,6.298611400001391
S1,1000,1,100,False,drgc_naive,0.4620467775380157,0.9779559118236472,False,1.4198174999983166
S1,1000,1,102,False,drgc,0.6754859688620389,0.5090180360721442,False,5.042104699998163
S1,1000,1,102,False,drgc_naive,0.6643523284772502,0.8677354709418837,False,1.4713424000001396
S1,1000,1,105,False,drgc,0.589331232463102,0.5831663326653307,False,5.461392600002
S1,1000,1,105,False,drgc_naive,0.4882520135651286,0.969939879759519,False,0.568263900000602
S1,1000,1,101,False,drgc,0.8741700947105954,0.1923847695390781,False,6.088053599996783
S1,1000,1,101,False,drgc_naive,0.740868529202572,0.781563126252505,False,1.738004800005001
S1,1000,1,103,False,drgc,0.5660432054663463,0.5531062124248497,False,6.40408490000118
S1,1000,1,103,False,drgc_naive,0.4369601598141556,0.9839679358717436,False,1.5573020000010729
S1,1000,1,104,False,drgc,0.5470317263482974,0.6172344689378757,False,6.413076899996668
S1,1000,1,104,False,drgc_naive,0.5854124015972333,0.8957915831663327,False,1.747765400003118
S1,1000,1,106,False,drgc,0.3201931853654589,0.8937875751503006,False,6.622255899994343
S1,1000,1,106,False,drgc_naive,0.5493167809173087,0.9118236472945892,False,1.6791259000019636
S1,1000,1,108,False,drgc,0.5918896233986005,0.6212424849699398,False,6.6645589000036125
S1,1000,1,108,False,drgc_naive,0.5675153257394399,0.937875751503006,False,1.5470556000000215
S1,1000,1,107,False,drgc,0.8036056382491743,0.2905811623246493,False,6.750571799995669
S1,1000,1,107,False,drgc_naive,0.7917954579271279,0.7414829659318637,False,1.6757378999973298
S1,1000,1,109,False,drgc,0.5716033002820785,0.6793587174348698,False,6.852440399998159
S1,1000,1,109,False,drgc_naive,0.5900407773226231,0.939879759519038,False,1.687571200003731
S1,1000,1,110,False,drgc,0.5994250934194989,0.5070140280561122,False,7.024835799995344
S1,1000,1,110,False,drgc_naive,0.4906536601281008,0.9539078156312624,False,1.4880841999984111
S1,1000,1,112,False,drgc,0.7860165228493682,0.3647294589178356,False,6.768008300001384
S1,1000,1,112,False,drgc_naive,0.8958402653936817,0.6052104208416834,False,1.6011586000022362
S1,1000,1,111,False,drgc,0.6592363929760169,0.5150300601202404,False,6.96161459999712
S1,1000,1,111,False,drgc_naive,0.5492633043062414,0.9298597194388778,False,1.6541391999999178
S1,1000,1,113,False,drgc,0.8908430022233826,0.1503006012024048,False,6.874877100002777
S1,1000,1,113,False,drgc_naive,0.8819265562700822,0.5731462925851704,False,1.553900099999737
S1,1000,1,114,False,drgc,1.228184321292715,0.0581162324649298,False,6.642159000002721
S1,1000,1,114,False,drgc_naive,1.3688446941985892,0.220440881763527,False,1.5240543999971123
S1,1000,1,116,False,drgc,0.3137307089691858,0.875751503006012,False,6.530789199998253
S1,1000,1,116,False,drgc_naive,0.3206832829477531,0.9939879759519038,False,1.487915300000168
S1,1000,1,115,False,drgc,0.7307081068193247,0.4468937875751503,False,6.807803799994872
S1,1000,1,115,False,drgc_naive,0.7896363569475585,0.7675350701402806,False,1.535259700001916
S1,1000,1,118,False,drgc,0.8776173696843638,0.282565130260521,False,6.300781400001142
S1,1000,1,118,False,drgc_naive,0.9430606126722416,0.5711422845691383,False,1.5098961999974565
S1,1000,1,119,False,drgc,0.9651804991780428,0.1763527054108216,False,6.456479300002684
S1,1000,1,119,False,drgc_naive,1.0534407517338662,0.4769539078156312,False,1.4583019999990938
S1,1000,1,117,False,drgc,0.9232794475078976,0.2304609218436873,False,6.914704800001346
S1,1000,1,117,False,drgc_naive,0.792503445221111,0.7414829659318637,False,1.4417167999999947
S1,1000,1,120,False,drgc,1.171135278174363,0.0581162324649298,False,6.872742899999139
S1,1000,1,120,False,drgc_naive,1.045422621361351,0.4348697394789579,False,1.345699200006493
S1,1000,1,121,False,drgc,0.9414628813054507,0.096192384769539,False,6.4488980999958585
S1,1000,1,121,False,drgc_naive,1.0153634829725982,0.4168336673346693,False,1.3887966000038432
S1,1000,1,122,False,drgc,0.2535525750871565,0.9779559118236472,False,6.25500959999772
S1,1000,1,122,False,drgc_naive,0.2810284104753053,1.0,False,1.3979902999999467
S1,1000,1,123,False,drgc,0.7860982185717568,0.3687374749498998,False,6.139549500003341
S1,1000,1,123,False,drgc_naive,0.5652600560293395,0.9438877755511024,False,1.441425099998014
S1,1000,1,124,False,drgc,0.4858765608337843,0.5731462925851704,False,6.31560239999817
S1,1000,1,124,False,drgc_naive,0.3818924116789906,0.9659318637274548,False,1.472521299998334
S1,1000,1,125,False,drgc,0.6023156772520837,0.4228456913827655,False,6.130672699997376
S1,1000,1,125,False,drgc_naive,0.5419450392965003,0.935871743486974,False,1.4403925000005984
S1,1000,1,126,False,drgc,1.2699894557628248,0.0521042084168336,False,6.081987099998514
S1,1000,1,126,False,drgc_naive,1.2828184631180457,0.2745490981963928,False,1.442355500003032
S1,1000,1,127,False,drgc,1.2484354732332568,0.034068136272545,True,6.079536800003552
S1,1000,1,127,False,drgc_naive,1.2151792210921823,0.3547094188376753,False,1.6090493999945463
S1,1000,1,128,False,drgc,0.76026023501592,0.3106212424849699,False,5.90981340000144
S1,1000,1,128,False,drgc_naive,0.604767872743562,0.8977955911823647,False,1.886560200000531
S1,1000,1,129,False,drgc,0.8099434417065208,0.3166332665330661,False,6.258458999996947
S1,1000,1,129,False,drgc_naive,0.7077040416533694,0.8056112224448898,False,1.8904538999995568
S1,1000,1,131,False,drgc,0.9166861623427878,0.1482965931863727,False,5.46643849999964
S1,1000,1,131,False,drgc_naive,0.7633967880738761,0.7715430861723447,False,1.7324156000031508
S1,1000,1,130,False,drgc,0.7359474988602895,0.3246492985971944,False,6.444519999997283
S1,1000,1,130,False,drgc_naive,0.7352222333756124,0.7735470941883767,False,1.731866900001478
S1,1000,1,135,False,drgc,0.8822692952309618,0.2545090180360721,False,7.080724600004032
S1,1000,1,135,False,drgc_naive,0.8479688613645395,0.7154308617234469,False,1.0163978999989922
S1,1000,1,132,False,drgc,0.6895723541901115,0.4669338677354709,False,7.466740500000014
S1,1000,1,132,False,drgc_naive,0.5758142370426178,0.8937875751503006,False,1.7721520999984932
S1,1000,1,134,False,drgc,0.6161897540565278,0.5691382765531062,False,7.536826199997449
S1,1000,1,134,False,drgc_naive,0.6934462866379902,0.845691382765531,False,1.7883608000047388
S1,1000,1,133,False,drgc,0.4827904875816439,0.8196392785571143,False,7.619967400001769
S1,1000,1,133,False,drgc_naive,0.5015768994448221,0.9579158316633266,False,1.879063100001076
S1,1000,1,136,False,drgc,0.6045710339797978,0.5050100200400801,False,7.598264799999015
S1,1000,1,136,False,drgc_naive,0.5121008118268264,0.9458917835671342,False,1.7341273999991245
S1,1000,1,138,False,drgc,0.785797570109796,0.3486973947895792,False,7.593907800001034
S1,1000,1,138,False,drgc_naive,0.9337962878393395,0.6172344689378757,False,1.6891109999996845
S1,1000,1,137,False,drgc,1.1068582059209102,0.1022044088176352,False,7.895863700003247
S1,1000,1,137,False,drgc_naive,1.179330370192303,0.3667334669338677,False,1.7508557999972254
S1,1000,1,139,False,drgc,0.6854628437630135,0.3046092184368738,False,7.676978999996209
S1,1000,1,139,False,drgc_naive,0.6924911828257952,0.7835671342685371,False,1.689489300006244
S1,1000,1,140,False,drgc,0.717849379265325,0.4829659318637274,False,7.42158030000428
S1,1000,1,140,False,drgc_naive,0.7382545268746081,0.8176352705410822,False,1.5717343000069377
S1,1000,1,142,False,drgc,1.292927955812066,0.0240480961923847,True,7.488404099996842
S1,1000,1,142,False,drgc_naive,1.2679237427285228,0.2164328657314629,False,1.562819999999192
S1,1000,1,141,False,drgc,0.4555113157814509,0.7575150300601202,False,7.649155499995686
S1,1000,1,141,False,drgc_naive,0.4503604928767269,0.9739478957915833,False,1.5774527999965358
S1,1000,1,143,False,drgc,0.7354974205903381,0.3887775551102204,False,5.833649699998205
S1,1000,1,143,False,drgc_naive,0.9488541087392516,0.5831663326653307,False,1.3187404000054812
S1,1000,1,144,False,drgc,0.5673794855303097,0.6352705410821643,False,6.704528200003551
S1,1000,1,144,False,drgc_naive,0.5921747383739864,0.9078156312625252,False,1.3342058999987785
S1,1000,1,145,False,drgc,0.5306468360496344,0.779559118236473,False,6.7445216000051005
S1,1000,1,145,False,drgc_naive,0.8051389192165248,0.7655310621242485,False,1.42132319999655
S1,1000,1,146,False,drgc,0.6020407798286379,0.5731462925851704,False,6.591962799997418
S1,1000,1,146,False,drgc_naive,0.6623734818959627,0.8717434869739479,False,1.4437795000048936
S1,1000,1,147,False,drgc,0.6372983403117625,0.4649298597194389,False,6.454428699995333
S1,1000,1,147,False,drgc_naive,0.5211456310933644,0.937875751503006,False,1.3957874000043375
S1,1000,1,149,False,drgc,0.8440936789012975,0.2444889779559118,False,6.183330500003649
S1,1000,1,149,False,drgc_naive,0.809537430741425,0.7134268537074149,False,1.3328877999956603
S1,1000,1,148,False,drgc,0.6280525957971963,0.4228456913827655,False,6.589189700003772
S1,1000,1,148,False,drgc_naive,0.7729572378032447,0.7715430861723447,False,1.453038200001174
