index_key,index_label,period,start,end,direction,n_obs,lag,ks_stat,pvalue,reject,stars,cv_5,n_eff,elapsed
spx500,SPX 500,2019-2022,2019-09-27,2022-09-26,P_t -> V_t,754,1,0.8971666128616094,0.07807807807807808,False,*,0.9662604284639157,753,13.417289500001061
spx500,SPX 500,2019-2022,2019-09-27,2022-09-26,P_t -> V_t,754,2,0.9570723738003726,0.22922922922922923,False,,1.203953316740388,752,14.247491799997078
spx500,SPX 500,2019-2022,2019-09-27,2022-09-26,P_t -> V_t,754,3,1.1028333872230587,0.24924924924924924,False,,1.3665716544230062,751,14.731474700001854
spx500,SPX 500,2019-2022,2019-09-27,2022-09-26,P_t -> V_t,754,4,1.1558344274756611,0.2062062062062062,False,,1.387826835858775,750,15.621658700001717
spx500,SPX 500,2019-2022,2019-09-27,2022-09-26,P_t -> V_t,754,5,0.9098415843904494,0.7707707707707707,False,,1.4788649852264468,749,15.593417500000214
spx500,SPX 500,2019-2022,2019-09-27,2022-09-26,P_t -> V_t,754,6,0.9268750602238364,0.6976976976976977,False,,1.431115662318966,748,16.682595800000854
spx500,SPX 500,2019-2022,2019-09-27,2022-09-26,P_t -> V_t,754,7,1.116884688888119,0.2092092092092092,False,,1.3267576376360892,747,18.90779499999917
spx500,SPX 500,2019-2022,2019-09-27,2022-09-26,P_t -> V_t,754,8,1.1491568760869317,0.13113113113113112,False,,1.2693593168971478,746,19.025140000001556
spx500,SPX 500,2019-2022,2019-09-27,2022-09-26,P_t -> V_t,754,9,1.2426321376920493,0.05005005005005005,False,*,1.240649546304624,745,21.82924389999971
spx500,SPX 500,2019-2022,2019-09-27,2022-09-26,P_t -> V_t,754,10,0.9387431952420127,0.22722722722722724,False,,1.107421857007992,744,22.745236299997487
spx500,SPX 500,2020-2023,2020-09-27,2023-09-26,P_t -> V_t,753,1,0.873214603047876,0.2132132132132132,False,,1.1406958674722665,752,6.367482999998174
spx500,SPX 500,2020-2023,2020-09-27,2023-09-26,P_t -> V_t,753,2,0.965120446071534,0.4074074074074074,False,,1.3944633080074607,751,7.395098799999687
spx500,SPX 500,2020-2023,2020-09-27,2023-09-26,P_t -> V_t,753,3,1.1986699432540906,0.3713713713713714,False,,1.5760435997032203,750,7.553660900000978
spx500,SPX 500,2020-2023,2020-09-27,2023-09-26,P_t -> V_t,753,4,0.955442024595421,0.7367367367367368,False,,1.5302629718133374,749,7.271518300000025
spx500,SPX 500,2020-2023,2020-09-27,2023-09-26,P_t -> V_t,753,5,0.8568082156163283,0.93993993993994,False,,1.5338059927002683,748,7.762612700000318
spx500,SPX 500,2020-2023,2020-09-27,2023-09-26,P_t -> V_t,753,6,1.155809083847269,0.4294294294294294,False,,1.568678604140224,747,8.591893199998594
spx500,SPX 500,2020-2023,2020-09-27,2023-09-26,P_t -> V_t,753,7,0.8399738586130968,0.9029029029029029,False,,1.4582779488785753,746,9.645710799999506
spx500,SPX 500,2020-2023,2020-09-27,2023-09-26,P_t -> V_t,753,8,0.8465313937950535,0.7747747747747747,False,,1.3160907946532021,745,11.81419090000054
spx500,SPX 500,2020-2023,2020-09-27,2023-09-26,P_t -> V_t,753,9,0.6795345672075483,0.9819819819819819,False,,1.3364835662623182,744,17.001174599998194
spx500,SPX 500,2020-2023,2020-09-27,2023-09-26,P_t -> V_t,753,10,0.9912021015006399,0.3183183183183183,False,,1.2264597986372674,743,12.341128399999434
spx500,SPX 500,2021-2024,2021-09-27,2024-09-26,P_t -> V_t,754,1,0.464077885722347,0.5835835835835835,False,,1.0788877232597776,753,6.22629009999946
spx500,SPX 500,2021-2024,2021-09-27,2024-09-26,P_t -> V_t,754,2,0.754218370691555,0.7957957957957958,False,,1.4767942039574002,752,7.38867190000019
spx500,SPX 500,2021-2024,2021-09-27,2024-09-26,P_t -> V_t,754,3,0.8887275967143891,0.7627627627627628,False,,1.4911698458567906,751,7.495763000002626
spx500,SPX 500,2021-2024,2021-09-27,2024-09-26,P_t -> V_t,754,4,0.8965715251600769,0.8088088088088088,False,,1.477772474351821,750,8.84435129999838
spx500,SPX 500,2021-2024,2021-09-27,2024-09-26,P_t -> V_t,754,5,1.0632503215088038,0.5655655655655656,False,,1.5281582132670344,749,8.705546099998173
spx500,SPX 500,2021-2024,2021-09-27,2024-09-26,P_t -> V_t,754,6,0.9845580744246145,0.7727727727727728,False,,1.5430683654295314,748,9.384319600001618
spx500,SPX 500,2021-2024,2021-09-27,2024-09-26,P_t -> V_t,754,7,0.851718575438998,0.8898898898898899,False,,1.4581691147678053,747,10.380993200000376
spx500,SPX 500,2021-2024,2021-09-27,2024-09-26,P_t -> V_t,754,8,0.7326970006895763,0.984984984984985,False,,1.4957874715532935,746,11.693532099998265
spx500,SPX 500,2021-2024,2021-09-27,2024-09-26,P_t -> V_t,754,9,0.788697391757668,0.8378378378378378,False,,1.2698046128651734,745,12.486139500000718
spx500,SPX 500,2021-2024,2021-09-27,2024-09-26,P_t -> V_t,754,10,1.1348402501892905,0.1091091091091091,False,,1.244477714582446,744,13.730531500001234
csi300,CSI 300,2019-2022,2019-09-27,2022-09-26,P_t -> V_t,726,1,2.056999345118956,0.0,True,***,1.1887416479362412,725,5.47457729999951
csi300,CSI 300,2019-2022,2019-09-27,2022-09-26,P_t -> V_t,726,2,2.317722890795325,0.0,True,***,1.4133621160831018,724,6.427621799997723
csi300,CSI 300,2019-2022,2019-09-27,2022-09-26,P_t -> V_t,726,3,1.4350213130742275,0.11311311311311312,False,,1.5556755829748772,723,6.965169099999912
csi300,CSI 300,2019-2022,2019-09-27,2022-09-26,P_t -> V_t,726,4,2.2886782767569995,0.0,True,***,1.5422235006244858,722,7.966926699999021
csi300,CSI 300,2019-2022,2019-09-27,2022-09-26,P_t -> V_t,726,5,1.216915753590421,0.3053053053053053,False,,1.537033183536122,721,8.758378499998798
csi300,CSI 300,2019-2022,2019-09-27,2022-09-26,P_t -> V_t,726,6,1.1439590756868085,0.45345345345345345,False,,1.5535407235078504,720,9.43306500000108
csi300,CSI 300,2019-2022,2019-09-27,2022-09-26,P_t -> V_t,726,7,1.4384177073999547,0.06306306306306306,False,*,1.4797100661902378,719,10.781476699998166
csi300,CSI 300,2019-2022,2019-09-27,2022-09-26,P_t -> V_t,726,8,1.0800887446258383,0.33233233233233234,False,,1.343983322248063,718,11.685052700002416
csi300,CSI 300,2019-2022,2019-09-27,2022-09-26,P_t -> V_t,726,9,0.7793028009439728,0.8138138138138138,False,,1.2331883631881084,717,13.589425099999062
csi300,CSI 300,2019-2022,2019-09-27,2022-09-26,P_t -> V_t,726,10,0.6892866180205203,0.9019019019019019,False,,1.1896896234152958,716,14.11265369999819
csi300,CSI 300,2020-2023,2020-09-27,2023-09-26,P_t -> V_t,728,1,1.6071307863612947,0.001001001001001001,True,***,1.1076902525084744,727,5.54903270000068
csi300,CSI 300,2020-2023,2020-09-27,2023-09-26,P_t -> V_t,728,2,2.272833832641231,0.0,True,***,1.3990868691376508,726,6.5781174000003375
csi300,CSI 300,2020-2023,2020-09-27,2023-09-26,P_t -> V_t,728,3,1.7618484887324528,0.011011011011011011,True,**,1.5757699390603752,725,6.9516593999978795
csi300,CSI 300,2020-2023,2020-09-27,2023-09-26,P_t -> V_t,728,4,1.5310122800051298,0.08808808808808809,False,*,1.637037435595521,724,7.787899400002061
csi300,CSI 300,2020-2023,2020-09-27,2023-09-26,P_t -> V_t,728,5,1.3621528716790803,0.22522522522522523,False,,1.5895405162351928,723,8.738071499999933
csi300,CSI 300,2020-2023,2020-09-27,2023-09-26,P_t -> V_t,728,6,1.2208645848284476,0.4944944944944945,False,,1.708763815287855,722,9.446490199999971
csi300,CSI 300,2020-2023,2020-09-27,2023-09-26,P_t -> V_t,728,7,1.0720080038681288,0.5995995995995996,False,,1.5281744696476023,721,11.430026400001225
csi300,CSI 300,2020-2023,2020-09-27,2023-09-26,P_t -> V_t,728,8,1.2316198250504267,0.2012012012012012,False,,1.4362969926423061,720,11.540597199997137
csi300,CSI 300,2020-2023,2020-09-27,2023-09-26,P_t -> V_t,728,9,0.7683715610506637,0.9579579579579579,False,,1.400345935417104,719,13.341591099997459
csi300,CSI 300,2020-2023,2020-09-27,2023-09-26,P_t -> V_t,728,10,0.8615576702255403,0.4974974974974975,False,,1.204935317243077,718,15.187071299998934
csi300,CSI 300,2021-2024,2021-09-27,2024-09-26,P_t -> V_t,727,1,1.799174885657676,0.0,True,***,1.1098481266576588,726,4.325101900001755
csi300,CSI 300,2021-2024,2021-09-27,2024-09-26,P_t -> V_t,727,2,2.0473212584765506,0.001001001001001001,True,***,1.3399210490054903,725,6.6266711999996915
csi300,CSI 300,2021-2024,2021-09-27,2024-09-26,P_t -> V_t,727,3,1.9834508150717725,0.0,True,***,1.4973856479812397,724,6.805920899998455
csi300,CSI 300,2021-2024,2021-09-27,2024-09-26,P_t -> V_t,727,4,1.507657385956749,0.11411411411411411,False,,1.653330345154763,723,7.7298030000019935
csi300,CSI 300,2021-2024,2021-09-27,2024-09-26,P_t -> V_t,727,5,1.6117256474418866,0.07907907907907907,False,*,1.7176350509065992,722,8.553011500000139
csi300,CSI 300,2021-2024,2021-09-27,2024-09-26,P_t -> V_t,727,6,1.983857631623503,0.004004004004004004,True,***,1.5878696931389535,721,9.6113669999977
csi300,CSI 300,2021-2024,2021-09-27,2024-09-26,P_t -> V_t,727,7,0.8762514797809285,0.91991991991992,False,,1.5153156264068741,720,10.358213200001046
csi300,CSI 300,2021-2024,2021-09-27,2024-09-26,P_t -> V_t,727,8,1.2599922002041695,0.1781781781781782,False,,1.4426681935509316,719,11.470190500000172
csi300,CSI 300,2021-2024,2021-09-27,2024-09-26,P_t -> V_t,727,9,1.0344393455589098,0.33633633633633636,False,,1.2971510882214858,718,12.691615299998375
csi300,CSI 300,2021-2024,2021-09-27,2024-09-26,P_t -> V_t,727,10,0.84403300833947,0.44244244244244246,False,,1.12897781330153,717,15.40650480000113
nikkei225,NI 225,2019-2022,2019-09-27,2022-09-26,P_t -> V_t,727,1,1.2305791035034968,0.02902902902902903,True,**,1.1307277174397998,726,5.615117099998315
nikkei225,NI 225,2019-2022,2019-09-27,2022-09-26,P_t -> V_t,727,2,1.390837731333811,0.06306306306306306,False,*,1.4257682132220957,725,7.117196899998817
nikkei225,NI 225,2019-2022,2019-09-27,2022-09-26,P_t -> V_t,727,3,1.9136326898234408,0.003003003003003003,True,***,1.6436204275723831,724,7.445977599996695
nikkei225,NI 225,2019-2022,2019-09-27,2022-09-26,P_t -> V_t,727,4,1.4779376405171922,0.13213213213213212,False,,1.629841493734832,723,8.453627700000652
nikkei225,NI 225,2019-2022,2019-09-27,2022-09-26,P_t -> V_t,727,5,1.1689592228197407,0.46346346346346345,False,,1.5917150371939763,722,9.603444299998955
nikkei225,NI 225,2019-2022,2019-09-27,2022-09-26,P_t -> V_t,727,6,1.591655345420252,0.03203203203203203,True,**,1.519269951338773,721,10.229305300003034
nikkei225,NI 225,2019-2022,2019-09-27,2022-09-26,P_t -> V_t,727,7,1.1899929492648595,0.4744744744744745,False,,1.6094709090794548,720,11.68224939999709
nikkei225,NI 225,2019-2022,2019-09-27,2022-09-26,P_t -> V_t,727,8,1.1013356530773233,0.4064064064064064,False,,1.4480082542527566,719,12.372805200000585
nikkei225,NI 225,2019-2022,2019-09-27,2022-09-26,P_t -> V_t,727,9,0.8917283683724964,0.7657657657657657,False,,1.366031776156024,718,14.668863599999895
nikkei225,NI 225,2019-2022,2019-09-27,2022-09-26,P_t -> V_t,727,10,0.8910523014061174,0.6306306306306306,False,,1.2856422322409398,717,15.236554299997806
nikkei225,NI 225,2020-2023,2020-09-27,2023-09-26,P_t -> V_t,735,1,1.8456862039321775,0.0,True,***,1.1045665564408198,734,6.14146940000137
nikkei225,NI 225,2020-2023,2020-09-27,2023-09-26,P_t -> V_t,735,2,1.4803545226813208,0.12112112112112113,False,,1.6573271437253894,733,6.932686000000103
nikkei225,NI 225,2020-2023,2020-09-27,2023-09-26,P_t -> V_t,735,3,1.8154570271757389,0.009009009009009009,True,***,1.5847694341910727,732,7.533944000002521
nikkei225,NI 225,2020-2023,2020-09-27,2023-09-26,P_t -> V_t,735,4,1.4290998873028464,0.16416416416416416,False,,1.630972716809143,731,8.178611500003171
nikkei225,NI 225,2020-2023,2020-09-27,2023-09-26,P_t -> V_t,735,5,1.3389865601676385,0.42242242242242245,False,,1.7665341260143963,730,9.270692300000519
nikkei225,NI 225,2020-2023,2020-09-27,2023-09-26,P_t -> V_t,735,6,1.1771937759318558,0.5905905905905906,False,,1.696329122171715,729,10.34488539999802
nikkei225,NI 225,2020-2023,2020-09-27,2023-09-26,P_t -> V_t,735,7,1.0970939235832209,0.7577577577577578,False,,1.6875816601062266,728,11.679117199997563
nikkei225,NI 225,2020-2023,2020-09-27,2023-09-26,P_t -> V_t,735,8,1.3932745962999178,0.11711711711711711,False,,1.5152139350526144,727,11.966573999998218
nikkei225,NI 225,2020-2023,2020-09-27,2023-09-26,P_t -> V_t,735,9,1.4301984064592836,0.08508508508508508,False,*,1.504722538570421,726,13.488943600001221
nikkei225,NI 225,2020-2023,2020-09-27,2023-09-26,P_t -> V_t,735,10,1.0438296262641675,0.35835835835835833,False,,1.3146960051454375,725,16.100630300003104
nikkei225,NI 225,2021-2024,2021-09-27,2024-09-26,P_t -> V_t,737,1,1.1429078433736248,0.04004004004004004,True,**,1.1155811084071363,736,5.922812900000281
nikkei225,NI 225,2021-2024,2021-09-27,2024-09-26,P_t -> V_t,737,2,2.653137626766573,0.0,True,***,1.4796585297766918,735,6.964685499999177
nikkei225,NI 225,2021-2024,2021-09-27,2024-09-26,P_t -> V_t,737,3,1.203186642079274,0.2902902902902903,False,,1.5724130674498134,734,7.3546806999984256
nikkei225,NI 225,2021-2024,2021-09-27,2024-09-26,P_t -> V_t,737,4,0.946078160795256,0.7547547547547547,False,,1.5860990362033587,733,8.193390700002055
nikkei225,NI 225,2021-2024,2021-09-27,2024-09-26,P_t -> V_t,737,5,1.4163911080545786,0.16616616616616617,False,,1.6160644202798666,732,8.995044600000256
nikkei225,NI 225,2021-2024,2021-09-27,2024-09-26,P_t -> V_t,737,6,1.6742697460293419,0.04704704704704705,True,**,1.6652944835118724,731,9.743352600002254
nikkei225,NI 225,2021-2024,2021-09-27,2024-09-26,P_t -> V_t,737,7,1.7153709918202487,0.026026026026026026,True,**,1.6029023915739202,730,11.346459500000492
nikkei225,NI 225,2021-2024,2021-09-27,2024-09-26,P_t -> V_t,737,8,1.090503243921026,0.5075075075075075,False,,1.4723476404105718,729,12.25270300000193
nikkei225,NI 225,2021-2024,2021-09-27,2024-09-26,P_t -> V_t,737,9,0.9173480876550798,0.7487487487487487,False,,1.4181216612807193,728,14.003009799998836
nikkei225,NI 225,2021-2024,2021-09-27,2024-09-26,P_t -> V_t,737,10,0.8995926431535473,0.5725725725725725,False,,1.2510712285137675,727,14.909996200000023
spx500,SPX 500,2019-2022,2019-09-27,2022-09-26,V_t -> P_t,754,1,0.9713186773932297,0.14614614614614616,False,,1.1264584987056054,753,12.85729590000119
spx500,SPX 500,2019-2022,2019-09-27,2022-09-26,V_t -> P_t,754,2,0.6964701296631239,0.8438438438438438,False,,1.3038754457076458,752,7.45731380000143
spx500,SPX 500,2019-2022,2019-09-27,2022-09-26,V_t -> P_t,754,3,0.8594139467196258,0.5195195195195195,False,,1.2386577004931887,751,7.961695599999075
spx500,SPX 500,2019-2022,2019-09-27,2022-09-26,V_t -> P_t,754,4,0.7980609480839488,0.8328328328328328,False,,1.3095402711832131,750,7.658627400000114
spx500,SPX 500,2019-2022,2019-09-27,2022-09-26,V_t -> P_t,754,5,1.0619825693899994,0.23223223223223224,False,,1.2862051152324476,749,10.428846899998462
spx500,SPX 500,2019-2022,2019-09-27,2022-09-26,V_t -> P_t,754,6,0.7931201399989929,0.6856856856856857,False,,1.1821676823826435,748,9.607656200001657
spx500,SPX 500,2019-2022,2019-09-27,2022-09-26,V_t -> P_t,754,7,0.9147143512281001,0.24624624624624625,False,,1.1024447780389457,747,8.856568499999412
spx500,SPX 500,2019-2022,2019-09-27,2022-09-26,V_t -> P_t,754,8,0.8108049720705276,0.47847847847847846,False,,1.1212559728631872,746,9.37060030000066
spx500,SPX 500,2019-2022,2019-09-27,2022-09-26,V_t -> P_t,754,9,0.6605859887681901,0.6006006006006006,False,,0.9389597146618552,745,17.501077999997506
spx500,SPX 500,2019-2022,2019-09-27,2022-09-26,V_t -> P_t,754,10,0.540811518369058,0.7327327327327328,False,,0.8384470376774811,744,20.745233600002393
spx500,SPX 500,2020-2023,2020-09-27,2023-09-26,V_t -> P_t,753,1,0.536798191404912,0.6786786786786787,False,,1.1007312142053167,752,6.447594400000526
spx500,SPX 500,2020-2023,2020-09-27,2023-09-26,V_t -> P_t,753,2,1.0261359192131896,0.4024024024024024,False,,1.4699322176378646,751,6.742858699999488
spx500,SPX 500,2020-2023,2020-09-27,2023-09-26,V_t -> P_t,753,3,0.9072617094069304,0.7837837837837838,False,,1.5953663470858583,750,8.11510139999882
spx500,SPX 500,2020-2023,2020-09-27,2023-09-26,V_t -> P_t,753,4,1.2948538680763293,0.31431431431431434,False,,1.6385482890211585,749,8.151403399999253
spx500,SPX 500,2020-2023,2020-09-27,2023-09-26,V_t -> P_t,753,5,1.1218306302595633,0.47347347347347346,False,,1.512832782569427,748,10.918490199997905
spx500,SPX 500,2020-2023,2020-09-27,2023-09-26,V_t -> P_t,753,6,1.1710530736148528,0.3923923923923924,False,,1.4736334795656405,747,12.205867200002103
spx500,SPX 500,2020-2023,2020-09-27,2023-09-26,V_t -> P_t,753,7,0.9869050774115079,0.6876876876876877,False,,1.533289419906196,746,9.056919000002381
spx500,SPX 500,2020-2023,2020-09-27,2023-09-26,V_t -> P_t,753,8,0.8533951317337315,0.6296296296296297,False,,1.2430941609954353,745,9.826062199997978
spx500,SPX 500,2020-2023,2020-09-27,2023-09-26,V_t -> P_t,753,9,0.8933450817467814,0.4724724724724725,False,,1.1677245538973757,744,10.786459499999182
spx500,SPX 500,2020-2023,2020-09-27,2023-09-26,V_t -> P_t,753,10,0.687579910534569,0.6796796796796797,False,,1.0221470009240647,743,16.0508239999981
spx500,SPX 500,2021-2024,2021-09-27,2024-09-26,V_t -> P_t,754,1,0.6970539765088213,0.38238238238238237,False,,1.0318377682494613,753,5.9249283999997715
spx500,SPX 500,2021-2024,2021-09-27,2024-09-26,V_t -> P_t,754,2,0.9928098670677024,0.3183183183183183,False,,1.3327704598619134,752,6.639831600001344
spx500,SPX 500,2021-2024,2021-09-27,2024-09-26,V_t -> P_t,754,3,0.8283481794430423,0.7837837837837838,False,,1.3757147191781078,751,7.041728099997272
spx500,SPX 500,2021-2024,2021-09-27,2024-09-26,V_t -> P_t,754,4,1.0023112427143852,0.7767767767767768,False,,1.6546677714507303,750,7.812748399999691
spx500,SPX 500,2021-2024,2021-09-27,2024-09-26,V_t -> P_t,754,5,1.1002745570739814,0.5165165165165165,False,,1.5517219187655336,749,9.074078400000872
spx500,SPX 500,2021-2024,2021-09-27,2024-09-26,V_t -> P_t,754,6,1.091092668859955,0.45345345345345345,False,,1.4635037595955875,748,9.346653099997638
spx500,SPX 500,2021-2024,2021-09-27,2024-09-26,V_t -> P_t,754,7,0.8561073321137415,0.7817817817817818,False,,1.3510877619041517,747,10.98254850000012
spx500,SPX 500,2021-2024,2021-09-27,2024-09-26,V_t -> P_t,754,8,0.9221537871517369,0.5395395395395396,False,,1.293375284638855,746,11.89816939999946
spx500,SPX 500,2021-2024,2021-09-27,2024-09-26,V_t -> P_t,754,9,0.5599360220708404,0.988988988988989,False,,1.1260449918138327,745,13.316080200002034
spx500,SPX 500,2021-2024,2021-09-27,2024-09-26,V_t -> P_t,754,10,0.7148643836121288,0.6226226226226226,False,,1.0094911474873522,744,15.143629100002727
csi300,CSI 300,2019-2022,2019-09-27,2022-09-26,V_t -> P_t,726,1,0.9103474346140513,0.3173173173173173,False,,1.3510065712702148,725,4.8187713000006624
csi300,CSI 300,2019-2022,2019-09-27,2022-09-26,V_t -> P_t,726,2,1.1332850628609785,0.3663663663663664,False,,1.5653825870637794,724,6.755391899998358
csi300,CSI 300,2019-2022,2019-09-27,2022-09-26,V_t -> P_t,726,3,1.9695336907834944,0.006006006006006006,True,***,1.6702383937226397,723,6.968213100000867
csi300,CSI 300,2019-2022,2019-09-27,2022-09-26,V_t -> P_t,726,4,1.3907483974897599,0.36036036036036034,False,,1.831930129008405,722,7.891306900000927
csi300,CSI 300,2019-2022,2019-09-27,2022-09-26,V_t -> P_t,726,5,1.387389474139398,0.22522522522522523,False,,1.6425645435256468,721,8.995220900000277
csi300,CSI 300,2019-2022,2019-09-27,2022-09-26,V_t -> P_t,726,6,1.1798943028598137,0.6196196196196196,False,,1.7547939573383609,720,9.522611299998971
csi300,CSI 300,2019-2022,2019-09-27,2022-09-26,V_t -> P_t,726,7,1.002067515310303,0.6226226226226226,False,,1.446727942970458,719,11.062340500000573
csi300,CSI 300,2019-2022,2019-09-27,2022-09-26,V_t -> P_t,726,8,1.1367625359992335,0.32232232232232233,False,,1.4020928469474596,718,12.070918400000664
csi300,CSI 300,2019-2022,2019-09-27,2022-09-26,V_t -> P_t,726,9,0.6668083380918536,0.9769769769769769,False,,1.2542284659805676,717,14.049664199999825
csi300,CSI 300,2019-2022,2019-09-27,2022-09-26,V_t -> P_t,726,10,1.1124096396394925,0.05305305305305305,False,*,1.1193199368545814,716,16.048868499998207
csi300,CSI 300,2020-2023,2020-09-27,2023-09-26,V_t -> P_t,728,1,0.7611152478651931,0.43343343343343343,False,,1.2618440877420523,727,5.658236200000829
csi300,CSI 300,2020-2023,2020-09-27,2023-09-26,V_t -> P_t,728,2,1.218050700911232,0.32732732732732733,False,,1.6238833093036527,726,6.578483499997674
csi300,CSI 300,2020-2023,2020-09-27,2023-09-26,V_t -> P_t,728,3,1.5118290505804177,0.11411411411411411,False,,1.6728499722336285,725,7.269414200000028
csi300,CSI 300,2020-2023,2020-09-27,2023-09-26,V_t -> P_t,728,4,1.3053344626436,0.3073073073073073,False,,1.6739094200818894,724,8.047418199999811
csi300,CSI 300,2020-2023,2020-09-27,2023-09-26,V_t -> P_t,728,5,1.1225908440126942,0.7977977977977978,False,,1.8015217401903112,723,8.958100199997716
csi300,CSI 300,2020-2023,2020-09-27,2023-09-26,V_t -> P_t,728,6,0.9332379838189105,0.8748748748748749,False,,1.601525415663148,722,9.81603510000059
csi300,CSI 300,2020-2023,2020-09-27,2023-09-26,V_t -> P_t,728,7,0.7181136469231357,0.995995995995996,False,,1.5892731121317614,721,11.463105899998482
csi300,CSI 300,2020-2023,2020-09-27,2023-09-26,V_t -> P_t,728,8,1.0899943493485733,0.38238238238238237,False,,1.4173177149703218,720,11.591600200001267
csi300,CSI 300,2020-2023,2020-09-27,2023-09-26,V_t -> P_t,728,9,1.2368535094733948,0.0890890890890891,False,*,1.2938858502198878,719,14.112171900000249
csi300,CSI 300,2020-2023,2020-09-27,2023-09-26,V_t -> P_t,728,10,0.7736368773776363,0.6016016016016016,False,,1.108234465917937,718,16.121130799998355
csi300,CSI 300,2021-2024,2021-09-27,2024-09-26,V_t -> P_t,727,1,1.0948333239600583,0.12612612612612611,False,,1.2663689836340197,726,5.505698000000848
csi300,CSI 300,2021-2024,2021-09-27,2024-09-26,V_t -> P_t,727,2,1.3887215482824735,0.1091091091091091,False,,1.5649264955479885,725,6.511130399998365
csi300,CSI 300,2021-2024,2021-09-27,2024-09-26,V_t -> P_t,727,3,1.0950857480868246,0.4744744744744745,False,,1.5649361722742978,724,7.056416800001898
csi300,CSI 300,2021-2024,2021-09-27,2024-09-26,V_t -> P_t,727,4,1.2929094072161578,0.3103103103103103,False,,1.653486233825306,723,7.747258499999589
csi300,CSI 300,2021-2024,2021-09-27,2024-09-26,V_t -> P_t,727,5,1.35108419702896,0.42742742742742745,False,,1.7983667926368276,722,9.185177299998031
csi300,CSI 300,2021-2024,2021-09-27,2024-09-26,V_t -> P_t,727,6,0.9209195565399297,0.9279279279279279,False,,1.6311380420373602,721,10.273957100002008
csi300,CSI 300,2021-2024,2021-09-27,2024-09-26,V_t -> P_t,727,7,1.4123337741015662,0.05905905905905906,False,*,1.4340616347103314,720,11.586652699999831
csi300,CSI 300,2021-2024,2021-09-27,2024-09-26,V_t -> P_t,727,8,1.2101523820938345,0.2062062062062062,False,,1.381390483883061,719,12.64048769999863
csi300,CSI 300,2021-2024,2021-09-27,2024-09-26,V_t -> P_t,727,9,0.9529916005542386,0.4874874874874875,False,,1.297791953715424,718,14.583659399999306
csi300,CSI 300,2021-2024,2021-09-27,2024-09-26,V_t -> P_t,727,10,0.8707556972562991,0.24924924924924924,False,,1.049501116831021,717,15.870992899999692
nikkei225,NI 225,2019-2022,2019-09-27,2022-09-26,V_t -> P_t,727,1,1.0055444171601022,0.24924924924924924,False,,1.3928705307825946,726,6.046079600000667
nikkei225,NI 225,2019-2022,2019-09-27,2022-09-26,V_t -> P_t,727,2,0.6742172450882619,0.918918918918919,False,,1.4857772961604678,725,7.315825500001665
nikkei225,NI 225,2019-2022,2019-09-27,2022-09-26,V_t -> P_t,727,3,1.2997125947219228,0.2772772772772773,False,,1.6397962136109954,724,7.59468470000138
nikkei225,NI 225,2019-2022,2019-09-27,2022-09-26,V_t -> P_t,727,4,0.7829340590524756,0.97997997997998,False,,1.7323670662860131,723,8.456820200000948
nikkei225,NI 225,2019-2022,2019-09-27,2022-09-26,V_t -> P_t,727,5,1.1450192779561923,0.5725725725725725,False,,1.6602606047574946,722,9.459607300002972
nikkei225,NI 225,2019-2022,2019-09-27,2022-09-26,V_t -> P_t,727,6,1.2636682341052405,0.3103103103103103,False,,1.5455433244129337,721,10.181420199998684
nikkei225,NI 225,2019-2022,2019-09-27,2022-09-26,V_t -> P_t,727,7,1.1602914646159321,0.40540540540540543,False,,1.4997469638459682,720,11.796568000001571
nikkei225,NI 225,2019-2022,2019-09-27,2022-09-26,V_t -> P_t,727,8,0.7540999991314459,0.9259259259259259,False,,1.3313072498637406,719,12.560934099998121
nikkei225,NI 225,2019-2022,2019-09-27,2022-09-26,V_t -> P_t,727,9,1.092476508978866,0.12512512512512514,False,,1.1859804525133066,718,13.722174099999393
nikkei225,NI 225,2019-2022,2019-09-27,2022-09-26,V_t -> P_t,727,10,0.7764741944602364,0.5595595595595596,False,,1.0652587020411968,717,15.642856999998912
nikkei225,NI 225,2020-2023,2020-09-27,2023-09-26,V_t -> P_t,735,1,0.7267026905221369,0.5605605605605606,False,,1.3002637930195882,734,5.931751100000838
nikkei225,NI 225,2020-2023,2020-09-27,2023-09-26,V_t -> P_t,735,2,0.7102006236679353,0.9409409409409409,False,,1.630196001498075,733,7.055383400002029
nikkei225,NI 225,2020-2023,2020-09-27,2023-09-26,V_t -> P_t,735,3,0.9408825054249532,0.8558558558558559,False,,1.7792091023064454,732,7.667394200001581
nikkei225,NI 225,2020-2023,2020-09-27,2023-09-26,V_t -> P_t,735,4,0.8722981861587401,0.948948948948949,False,,1.671866383601845,731,8.345060499999818
nikkei225,NI 225,2020-2023,2020-09-27,2023-09-26,V_t -> P_t,735,5,1.0595095354205364,0.8348348348348348,False,,1.7224808474026072,730,9.273031500000798
nikkei225,NI 225,2020-2023,2020-09-27,2023-09-26,V_t -> P_t,735,6,1.3481687381140919,0.33933933933933935,False,,1.6775494215141735,729,10.39073130000179
nikkei225,NI 225,2020-2023,2020-09-27,2023-09-26,V_t -> P_t,735,7,0.943425356432029,0.923923923923924,False,,1.6551229482572218,728,11.73712869999872
nikkei225,NI 225,2020-2023,2020-09-27,2023-09-26,V_t -> P_t,735,8,1.1060784419844523,0.4494494494494494,False,,1.5035465211781918,727,12.215780700000323
nikkei225,NI 225,2020-2023,2020-09-27,2023-09-26,V_t -> P_t,735,9,0.8385200076204736,0.8018018018018018,False,,1.3376474618269003,726,13.908067099997425
nikkei225,NI 225,2020-2023,2020-09-27,2023-09-26,V_t -> P_t,735,10,0.6697423210086371,0.9119119119119119,False,,1.164553128959835,725,15.531458499997825
nikkei225,NI 225,2021-2024,2021-09-27,2024-09-26,V_t -> P_t,737,1,0.44851243685494474,0.7907907907907908,False,,1.0701663445169531,736,4.6473570999987714
nikkei225,NI 225,2021-2024,2021-09-27,2024-09-26,V_t -> P_t,737,2,1.0671279829420774,0.38538538538538536,False,,1.4999745163976594,735,7.020459400002437
nikkei225,NI 225,2021-2024,2021-09-27,2024-09-26,V_t -> P_t,737,3,1.0778128063128554,0.4624624624624625,False,,1.554701248992332,734,7.511762300000555
nikkei225,NI 225,2021-2024,2021-09-27,2024-09-26,V_t -> P_t,737,4,1.2199215910947296,0.46046046046046046,False,,1.6701344314785165,733,8.14082580000104
nikkei225,NI 225,2021-2024,2021-09-27,2024-09-26,V_t -> P_t,737,5,0.9027071972015946,0.9029029029029029,False,,1.6102039507043098,732,8.990501100000984
nikkei225,NI 225,2021-2024,2021-09-27,2024-09-26,V_t -> P_t,737,6,1.0656519197793104,0.6166166166166166,False,,1.59926805377462,731,9.39797019999969
nikkei225,NI 225,2021-2024,2021-09-27,2024-09-26,V_t -> P_t,737,7,0.9365017548205774,0.7767767767767768,False,,1.482062927569804,730,10.09279450000031
nikkei225,NI 225,2021-2024,2021-09-27,2024-09-26,V_t -> P_t,737,8,1.0070064537011323,0.4574574574574575,False,,1.3399969747566802,729,9.980381900000793
nikkei225,NI 225,2021-2024,2021-09-27,2024-09-26,V_t -> P_t,737,9,0.7787217749170463,0.8058058058058059,False,,1.239516773888345,728,9.367195599999832
nikkei225,NI 225,2021-2024,2021-09-27,2024-09-26,V_t -> P_t,737,10,0.6819502923647153,0.8108108108108109,False,,1.0879589627010269,727,9.346898199997668
