direction,start_idx,end_idx,start_date,end_date,lag,ks_stat,pvalue,reject,stars,cv_5,n_eff,elapsed
P_t -> V_t,0,749,2019-09-30,2022-09-20,5,0.8478097497184027,0.8688688688688688,False,,1.4873479527432734,745,20.334974299999885
P_t -> V_t,21,770,2019-10-29,2022-10-19,5,0.8372689354857018,0.8488488488488488,False,,1.437112367670089,745,20.127423399997497
P_t -> V_t,42,791,2019-11-27,2022-11-17,5,1.209475393824803,0.23523523523523523,False,,1.4463589350831663,745,19.842977799999062
P_t -> V_t,63,812,2019-12-30,2022-12-19,5,0.7787991615060573,0.9429429429429429,False,,1.4617287465927398,745,19.923093599998538
P_t -> V_t,84,833,2020-01-30,2023-01-20,5,1.3293941634568562,0.11011011011011011,False,,1.4590654722746879,745,18.986771200001385
P_t -> V_t,105,854,2020-03-02,2023-02-21,5,0.9233376099048954,0.7937937937937938,False,,1.5281189386910117,745,18.88112909999836
P_t -> V_t,126,875,2020-03-31,2023-03-22,5,1.2091439436428812,0.4094094094094094,False,,1.5602922081286836,745,20.157001600000513
P_t -> V_t,147,896,2020-04-30,2023-04-21,5,1.1066826001506551,0.6306306306306306,False,,1.621637971158299,745,20.355738199999905
P_t -> V_t,168,917,2020-06-01,2023-05-22,5,1.5990861415208244,0.055055055055055056,False,*,1.6208315161263622,745,19.484553700000106
P_t -> V_t,189,938,2020-06-30,2023-06-23,5,1.1133382134198144,0.6066066066066066,False,,1.5855555368950465,745,18.917723299997306
P_t -> V_t,210,959,2020-07-30,2023-07-25,5,1.2569051008493828,0.28928928928928926,False,,1.5680327269067562,745,19.534397999999783
P_t -> V_t,231,980,2020-08-28,2023-08-23,5,0.8071958652649832,0.948948948948949,False,,1.4942812200699758,745,13.956617100000585
P_t -> V_t,252,1001,2020-09-29,2023-09-22,5,0.8272437578956833,0.9469469469469469,False,,1.541402123424877,745,13.963842000001023
P_t -> V_t,273,1022,2020-10-28,2023-10-23,5,0.9947893572616732,0.6936936936936937,False,,1.526952249627736,745,14.176459199999954
P_t -> V_t,294,1043,2020-11-27,2023-11-21,5,1.1653188702915473,0.45345345345345345,False,,1.6071944352340795,745,14.272575700000743
P_t -> V_t,315,1064,2020-12-29,2023-12-21,5,0.7162718971116039,0.98998998998999,False,,1.5804488873515983,745,14.628996800001914
P_t -> V_t,336,1085,2021-01-29,2024-01-24,5,0.9804533410938372,0.7767767767767768,False,,1.600420552773243,745,14.816358000000037
P_t -> V_t,357,1106,2021-03-02,2024-02-23,5,1.0321097754119932,0.7837837837837838,False,,1.585448690695061,745,14.364761700002418
P_t -> V_t,378,1127,2021-03-31,2024-03-25,5,1.1001923830318927,0.6256256256256256,False,,1.610378095975619,745,13.720569299999624
P_t -> V_t,399,1148,2021-04-30,2024-04-24,5,1.1395216213341492,0.5285285285285285,False,,1.573341539739714,745,14.75525860000198
P_t -> V_t,420,1169,2021-06-01,2024-05-23,5,1.1862726132361097,0.42242242242242245,False,,1.5658234883092312,745,12.108198900001298
P_t -> V_t,441,1190,2021-06-30,2024-06-25,5,1.6359805215885213,0.02902902902902903,True,**,1.5668893143488305,745,14.137309099998674
P_t -> V_t,462,1211,2021-07-30,2024-07-25,5,1.0342056692057644,0.7087087087087087,False,,1.6293359978929038,745,13.972273100000166
P_t -> V_t,483,1232,2021-08-30,2024-08-23,5,1.5528616497555887,0.0890890890890891,False,*,1.6463643947925843,745,14.488967900000716
P_t -> V_t,504,1253,2021-09-29,2024-09-24,5,1.408682408259648,0.1091091091091091,False,,1.5067345662683982,745,14.22998749999897
V_t -> P_t,0,749,2019-09-30,2022-09-20,5,0.9939073608031932,0.2782782782782783,False,,1.243814799120091,745,14.180682599999272
V_t -> P_t,21,770,2019-10-29,2022-10-19,5,0.8652449821748915,0.6826826826826827,False,,1.3072060798782297,745,14.319641899997805
V_t -> P_t,42,791,2019-11-27,2022-11-17,5,0.9286568901624476,0.5305305305305306,False,,1.304721327625654,745,14.424247999999352
V_t -> P_t,63,812,2019-12-30,2022-12-19,5,0.6924585293764317,0.9529529529529529,False,,1.3406853513591086,745,14.218141199999081
V_t -> P_t,84,833,2020-01-30,2023-01-20,5,1.2125236971018658,0.10510510510510511,False,,1.2942560945274484,745,14.212526100000105
V_t -> P_t,105,854,2020-03-02,2023-02-21,5,0.9165086598129859,0.4824824824824825,False,,1.3002627173089356,745,14.222545399999944
V_t -> P_t,126,875,2020-03-31,2023-03-22,5,1.1219898901156262,0.5695695695695696,False,,1.5957439257922923,745,14.669365699999616
V_t -> P_t,147,896,2020-04-30,2023-04-21,5,0.9579300046231766,0.8288288288288288,False,,1.5332342742388674,745,14.42760830000043
V_t -> P_t,168,917,2020-06-01,2023-05-22,5,1.4646308107525747,0.13613613613613615,False,,1.6330793291364514,745,14.102376999999251
V_t -> P_t,189,938,2020-06-30,2023-06-23,5,1.4090639039205837,0.12512512512512514,False,,1.5544794678193268,745,14.518022599997494
V_t -> P_t,210,959,2020-07-30,2023-07-25,5,1.0996351976450782,0.6046046046046046,False,,1.6074910185097901,745,13.891416099999333
V_t -> P_t,231,980,2020-08-28,2023-08-23,5,1.0020116725264037,0.7767767767767768,False,,1.6016645742727071,745,14.375653400002193
V_t -> P_t,252,1001,2020-09-29,2023-09-22,5,1.2047650749425816,0.43043043043043044,False,,1.6138574242398935,745,14.188678900001833
V_t -> P_t,273,1022,2020-10-28,2023-10-23,5,1.1161203173478964,0.5285285285285285,False,,1.535167701871292,745,14.193288599999505
V_t -> P_t,294,1043,2020-11-27,2023-11-21,5,1.2010841044122258,0.34634634634634637,False,,1.508009641727853,745,14.061970899998414
V_t -> P_t,315,1064,2020-12-29,2023-12-21,5,0.8460136465166728,0.9369369369369369,False,,1.5892618272225134,745,14.236808600002405
V_t -> P_t,336,1085,2021-01-29,2024-01-24,5,1.0276733293306726,0.6326326326326326,False,,1.5321256569162582,745,14.136250699997618
V_t -> P_t,357,1106,2021-03-02,2024-02-23,5,1.018440911838729,0.8248248248248248,False,,1.6558881722123238,745,13.870144500000606
V_t -> P_t,378,1127,2021-03-31,2024-03-25,5,1.2545251212541848,0.21621621621621623,False,,1.4926975792610053,745,14.00419519999923
V_t -> P_t,399,1148,2021-04-30,2024-04-24,5,1.1807603929737187,0.5275275275275275,False,,1.6257002386646155,745,10.359148700001242
V_t -> P_t,420,1169,2021-06-01,2024-05-23,5,1.142319733004619,0.3993993993993994,False,,1.4956493987013884,745,9.790188599999965
V_t -> P_t,441,1190,2021-06-30,2024-06-25,5,0.9587220873934946,0.8818818818818819,False,,1.6356825910413624,745,9.732949099998223
V_t -> P_t,462,1211,2021-07-30,2024-07-25,5,1.2041422938532222,0.34234234234234234,False,,1.4922780547002559,745,9.812569399997301
V_t -> P_t,483,1232,2021-08-30,2024-08-23,5,1.4267062729873234,0.06506506506506507,False,*,1.4517279310118112,745,9.908714999997756
V_t -> P_t,504,1253,2021-09-29,2024-09-24,5,1.4764462359254318,0.05205205205205205,False,*,1.4809187030711004,745,9.673594299998513
