Date,INDPRO,CPIAUCSL,PCEPI,FEDFUNDS,M2SL,UNRATE,PAYEMS,WTISPLC
1959-01-01,21.9998,29.01,15.164,2.48,286.6,6.0,52478,3.0
1959-02-01,22.4306,29.0,15.179,2.43,287.7,5.9,52688,3.0
1959-03-01,22.7538,28.97,15.189,2.8,289.2,5.6,53014,2.97
1959-04-01,23.2384,28.98,15.219,2.96,290.1,5.2,53321,2.97
1959-05-01,23.5885,29.04,15.227,2.9,292.2,5.1,53550,2.97
1959-06-01,23.6155,29.11,15.271,3.39,294.1,5.0,53681,2.97
1959-07-01,23.05,29.15,15.303,3.47,295.2,5.1,53804,2.97
1959-08-01,22.2691,29.18,15.325,3.5,296.4,5.2,53336,2.97
1959-09-01,22.2421,29.25,15.365,3.76,296.7,5.5,53428,2.97
1959-10-01,22.0806,29.35,15.402,3.98,296.5,5.7,53358,2.97
1959-11-01,22.2152,29.35,15.412,4.0,297.1,5.8,53634,2.97
1959-12-01,23.5885,29.41,15.43,3.99,297.8,5.3,54174,2.97
1960-01-01,24.2078,29.37,15.421,3.99,298.2,5.2,54274,2.97
1960-02-01,23.9924,29.41,15.437,3.97,298.4,4.8,54513,2.97
1960-03-01,23.777,29.41,15.446,3.84,299.3,5.4,54454,2.97
1960-04-01,23.5885,29.54,15.502,3.92,300.1,5.2,54813,2.97
1960-05-01,23.5616,29.57,15.518,3.85,300.9,5.1,54475,2.97
1960-06-01,23.2654,29.61,15.525,3.32,302.3,5.4,54348,2.97
1960-07-01,23.1846,29.55,15.553,3.23,304.1,5.5,54306,2.97
1960-08-01,23.1577,29.61,15.579,2.98,306.9,5.6,54272,2.97
1960-09-01,22.9153,29.61,15.588,2.6,308.4,5.5,54227,2.97
1960-10-01,22.8884,29.75,15.606,2.47,309.5,6.1,54142,2.97
1960-11-01,22.5653,29.78,15.659,2.44,310.9,6.1,53961,2.97
1960-12-01,22.1344,29.81,15.662,1.98,312.4,6.6,53742,2.97
1961-01-01,22.1613,29.84,15.665,1.45,314.1,6.6,53683,2.97
1961-02-01,22.1344,29.84,15.679,2.54,316.5,6.9,53557,2.97
1961-03-01,22.2691,29.84,15.67,2.02,318.3,6.9,53659,2.97
1961-04-01,22.7268,29.81,15.661,1.49,319.9,7.0,53627,2.97
1961-05-01,23.0769,29.84,15.67,1.98,322.2,7.1,53786,2.97
1961-06-01,23.4,29.84,15.677,1.73,324.3,6.9,53977,2.97
1961-07-01,23.6693,29.92,15.711,1.17,325.6,7.0,54123,2.97
1961-08-01,23.8847,29.94,15.724,2.0,327.6,6.6,54298,2.97
1961-09-01,23.8578,29.98,15.742,1.88,329.5,6.7,54388,2.97
1961-10-01,24.3156,29.98,15.741,2.26,331.1,6.5,54522,2.97
1961-11-01,24.6926,29.98,15.742,2.61,333.4,6.1,54742,2.97
1961-12-01,24.908,30.01,15.746,2.33,335.5,6.0,54872,2.97
1962-01-01,24.6925,30.04,15.776,2.15,337.5,5.8,54891,2.97
1962-02-01,25.0964,30.11,15.818,2.37,340.1,5.5,55188,2.97
1962-03-01,25.2311,30.17,15.839,2.85,343.1,5.6,55275,2.97
1962-04-01,25.285,30.21,15.857,2.78,345.5,5.6,55602,2.97
1962-05-01,25.258,30.24,15.867,2.36,347.5,5.5,55628,2.97
1962-06-01,25.2042,30.21,15.877,2.68,349.3,5.5,55644,2.97
1962-07-01,25.4465,30.22,15.868,2.71,350.8,5.4,55746,2.97
1962-08-01,25.4734,30.28,15.891,2.93,352.8,5.7,55838,2.97
1962-09-01,25.635,30.42,15.969,2.9,354.9,5.6,55978,2.97
1962-10-01,25.6619,30.38,15.953,2.9,357.2,5.4,56041,2.97
1962-11-01,25.7696,30.38,15.964,2.94,359.8,5.7,56056,2.97
1962-12-01,25.7696,30.38,15.958,2.93,362.7,5.5,56028,2.97
1963-01-01,25.9581,30.44,15.997,2.92,365.2,5.7,56115,2.97
1963-02-01,26.2544,30.48,16.014,3.0,367.9,5.9,56230,2.97
1963-03-01,26.4159,30.51,16.001,2.98,370.7,5.7,56320,2.97
1963-04-01,26.6582,30.48,16.0,2.9,373.3,5.7,56580,2.97
1963-05-01,26.9814,30.51,16.026,3.0,376.1,5.9,56616,2.97
1963-06-01,27.0622,30.61,16.061,2.99,378.4,5.6,56659,2.97
1963-07-01,26.9545,30.69,16.093,3.02,381.1,5.6,56794,2.97
1963-08-01,27.0083,30.75,16.115,3.49,383.6,5.4,56910,2.97
1963-09-01,27.2776,30.72,16.112,3.48,386.0,5.5,57078,2.97
1963-10-01,27.4661,30.75,16.143,3.5,388.3,5.5,57283,2.97
1963-11-01,27.6007,30.78,16.166,3.48,391.5,5.7,57255,2.97
1963-12-01,27.5469,30.88,16.19,3.38,393.2,5.5,57361,2.97
1964-01-01,27.7892,30.94,16.224,3.48,395.2,5.6,57487,2.97
1964-02-01,27.9777,30.91,16.247,3.48,397.6,5.4,57753,2.97
1964-03-01,27.9777,30.94,16.257,3.43,399.8,5.4,57897,2.97
1964-04-01,28.4355,30.95,16.269,3.47,401.7,5.3,57922,2.97
1964-05-01,28.597,30.98,16.271,3.5,404.2,5.1,58089,2.97
1964-06-01,28.6778,31.01,16.294,3.5,407.1,5.2,58219,2.97
1964-07-01,28.8663,31.02,16.315,3.42,410.1,4.9,58412,2.92
1964-08-01,29.0548,31.05,16.327,3.5,413.4,5.0,58619,2.92
1964-09-01,29.1625,31.08,16.352,3.45,416.9,5.1,58903,2.92
1964-10-01,28.7586,31.12,16.362,3.36,419.1,5.1,58793,2.92
1964-11-01,29.6472,31.21,16.385,3.52,422.1,4.8,59218,2.92
1964-12-01,29.9973,31.25,16.409,3.85,424.8,5.0,59421,2.92
1965-01-01,30.3204,31.28,16.427,3.9,427.5,4.9,59582,2.92
1965-02-01,30.5089,31.28,16.434,3.98,430.4,5.1,59800,2.92
1965-03-01,30.9128,31.31,16.455,4.05,433.2,4.7,60003,2.92
1965-04-01,31.0474,31.38,16.481,4.09,435.5,4.8,60259,2.92
1965-05-01,31.2898,31.48,16.518,4.1,437.1,4.6,60491,2.92
1965-06-01,31.5321,31.61,16.566,4.05,440.1,4.6,60690,2.92
1965-07-01,31.8283,31.58,16.578,4.09,442.9,4.4,60965,2.92
1965-08-01,31.963,31.55,16.582,4.12,445.8,4.4,61228,2.92
1965-09-01,32.0438,31.62,16.59,4.02,449.5,4.3,61490,2.92
1965-10-01,32.3669,31.65,16.595,4.08,452.6,4.2,61719,2.92
1965-11-01,32.5015,31.75,16.623,4.1,455.7,4.1,61996,2.92
1965-12-01,32.9054,31.85,16.683,4.32,459.2,4.0,62322,2.92
1966-01-01,33.2286,31.88,16.703,4.42,462.0,4.0,62529,2.92
1966-02-01,33.444,32.08,16.772,4.6,464.6,3.8,62796,2.92
1966-03-01,33.9018,32.18,16.813,4.66,467.2,3.8,63192,2.92
1966-04-01,33.9556,32.28,16.871,4.67,469.3,3.8,63437,2.92
1966-05-01,34.2787,32.35,16.892,4.9,470.1,3.9,63712,2.92
1966-06-01,34.4403,32.38,16.934,5.17,471.2,3.8,64111,2.92
1966-07-01,34.6288,32.45,16.967,5.3,470.8,3.8,64301,2.92
1966-08-01,34.6557,32.65,17.032,5.53,472.6,3.8,64507,2.92
1966-09-01,34.9789,32.75,17.086,5.4,475.4,3.7,64643,2.97
1966-10-01,35.2212,32.85,17.131,5.53,475.7,3.7,64854,2.97
1966-11-01,34.9788,32.88,17.156,5.76,477.3,3.6,65019,2.97
1966-12-01,35.0596,32.92,17.192,5.4,480.2,3.8,65199,2.97
1967-01-01,35.225,32.9,17.193,4.94,481.6,3.9,65407,2.97
1967-02-01,34.8255,33.0,17.213,5.0,485.1,3.8,65429,3.0
1967-03-01,34.6292,33.0,17.222,4.53,489.7,3.8,65530,3.0
1967-04-01,34.9558,33.1,17.251,4.05,492.1,3.8,65466,3.0
1967-05-01,34.6508,33.1,17.284,3.94,497.2,3.8,65620,3.0
1967-06-01,34.6465,33.3,17.339,3.98,502.0,3.9,65750,3.0
1967-07-01,34.5676,33.4,17.398,3.79,506.3,3.8,65888,3.0
1967-08-01,35.2299,33.5,17.452,3.9,510.8,3.8,66143,3.07
1967-09-01,35.1727,33.6,17.505,3.99,514.7,3.8,66164,3.07
1967-10-01,35.4591,33.7,17.554,3.88,518.2,4.0,66225,3.07
1967-11-01,35.9663,33.9,17.612,4.13,521.2,3.9,66703,3.07
1967-12-01,36.3536,34.0,17.64,4.51,524.8,3.8,66900,3.07
1968-01-01,36.3145,34.1,17.722,4.61,527.4,3.7,66804,3.07
1968-02-01,36.4446,34.2,17.794,4.71,530.4,3.8,67215,3.07
1968-03-01,36.5584,34.3,17.852,5.05,533.2,3.7,67295,3.07
1968-04-01,36.6113,34.4,17.908,5.76,535.7,3.5,67556,3.07
1968-05-01,37.022,34.5,17.974,6.12,538.9,3.5,67652,3.07
1968-06-01,37.158,34.7,18.032,6.07,542.6,3.7,67905,3.07
1968-07-01,37.101,34.9,18.087,6.03,545.6,3.7,68126,3.07
1968-08-01,37.2045,35.0,18.161,6.03,549.4,3.5,68330,3.07
1968-09-01,37.3454,35.1,18.224,5.78,553.5,3.4,68484,3.07
1968-10-01,37.4196,35.3,18.304,5.91,557.6,3.4,68721,3.07
1968-11-01,37.9036,35.4,18.366,5.82,562.4,3.4,68984,3.07
1968-12-01,38.0233,35.6,18.404,6.02,566.9,3.4,69248,3.07
1969-01-01,38.2533,35.7,18.476,6.3,569.3,3.4,69439,3.07
1969-02-01,38.4981,35.8,18.523,6.61,571.9,3.4,69699,3.07
1969-03-01,38.8,36.1,18.61,6.79,574.4,3.4,69905,3.25
1969-04-01,38.6573,36.3,18.692,7.41,575.7,3.4,70072,3.35
1969-05-01,38.5111,36.4,18.767,8.67,576.5,3.4,70328,3.35
1969-06-01,38.8874,36.6,18.858,8.9,578.5,3.5,70636,3.35
1969-07-01,39.0927,36.8,18.941,8.61,579.5,3.5,70729,3.35
1969-08-01,39.1825,36.9,18.993,9.19,580.1,3.5,71008,3.35
1969-09-01,39.1737,37.1,19.072,9.15,582.1,3.7,70914,3.35
1969-10-01,39.1852,37.3,19.137,9.0,583.4,3.7,71121,3.35
1969-11-01,38.8158,37.5,19.22,8.85,585.4,3.5,71086,3.35
1969-12-01,38.7116,37.7,19.308,8.97,587.9,3.5,71241,3.35
1970-01-01,37.9948,37.9,19.377,8.98,589.6,3.9,71176,3.35
1970-02-01,37.9698,38.1,19.454,8.98,586.3,4.2,71305,3.35
1970-03-01,37.9205,38.3,19.502,7.76,587.3,4.4,71451,3.35
1970-04-01,37.823,38.5,19.601,8.1,588.4,4.6,71348,3.35
1970-05-01,37.7789,38.6,19.663,7.95,591.5,4.8,71124,3.35
1970-06-01,37.6567,38.8,19.714,7.61,595.2,4.9,71029,3.35
1970-07-01,37.7491,38.9,19.786,7.21,599.1,5.0,71053,3.31
1970-08-01,37.6818,39.0,19.838,6.62,604.9,5.1,70937,3.31
1970-09-01,37.4221,39.2,19.927,6.29,611.2,5.4,70944,3.31
1970-10-01,36.6735,39.4,20.026,6.2,616.4,5.5,70521,3.31
1970-11-01,36.4514,39.6,20.105,5.6,621.1,5.9,70409,3.31
1970-12-01,37.2885,39.8,20.194,4.9,626.6,6.1,70792,3.56
1971-01-01,37.5753,39.9,20.237,4.14,633.0,5.9,70865,3.56
1971-02-01,37.5037,39.9,20.296,3.72,641.0,5.9,70807,3.56
1971-03-01,37.4631,40.0,20.363,3.71,649.9,6.0,70860,3.56
1971-04-01,37.6735,40.1,20.443,4.16,658.4,5.9,71036,3.56
1971-05-01,37.8646,40.3,20.528,4.63,666.7,5.9,71247,3.56
1971-06-01,38.0234,40.5,20.619,4.91,673.0,5.9,71254,3.56
1971-07-01,37.9131,40.6,20.681,5.31,679.6,6.0,71315,3.56
1971-08-01,37.693,40.7,20.741,5.57,685.5,6.1,71373,3.56
1971-09-01,38.3056,40.8,20.772,5.55,692.5,6.0,71614,3.56
1971-10-01,38.5924,40.9,20.804,5.2,698.4,5.8,71642,3.56
1971-11-01,38.7561,41.0,20.847,4.91,704.6,6.0,71847,3.56
1971-12-01,39.2035,41.1,20.929,4.14,710.3,6.0,72109,3.56
1972-01-01,40.1408,41.2,21.015,3.51,717.7,5.8,72441,3.56
1972-02-01,40.5459,41.4,21.098,3.3,725.7,5.7,72648,3.56
1972-03-01,40.8263,41.4,21.128,3.83,733.5,5.8,72944,3.56
1972-04-01,41.2348,41.5,21.16,4.17,738.4,5.7,73162,3.56
1972-05-01,41.2405,41.6,21.207,4.27,743.3,5.7,73469,3.56
1972-06-01,41.3497,41.7,21.239,4.46,749.7,5.7,73758,3.56
1972-07-01,41.3035,41.8,21.315,4.55,759.5,5.6,73709,3.56
1972-08-01,41.879,41.9,21.377,4.81,768.7,5.6,74141,3.56
1972-09-01,42.2132,42.1,21.473,4.87,778.3,5.5,74264,3.56
1972-10-01,42.7494,42.2,21.497,5.05,786.9,5.6,74674,3.56
1972-11-01,43.2548,42.4,21.561,5.06,793.9,5.3,74973,3.56
1972-12-01,43.7367,42.5,21.63,5.33,802.3,5.2,75268,3.56
1973-01-01,44.0529,42.7,21.695,5.94,810.3,4.9,75617,3.56
1973-02-01,44.6827,43.0,21.809,6.58,814.1,5.0,76014,3.56
1973-03-01,44.7045,43.4,21.964,7.09,815.3,4.9,76284,3.56
1973-04-01,44.6387,43.7,22.127,7.12,819.7,5.0,76455,3.56
1973-05-01,44.9429,43.9,22.236,7.84,826.8,4.9,76648,3.56
1973-06-01,45.0035,44.2,22.363,8.49,833.2,4.9,76887,3.56
1973-07-01,45.1636,44.2,22.444,10.4,836.5,4.8,76913,3.56
1973-08-01,45.1019,45.0,22.703,10.5,838.8,4.8,77168,4.31
1973-09-01,45.4624,45.2,22.793,10.78,839.3,4.8,77276,4.31
1973-10-01,45.847,45.6,22.922,10.01,842.6,4.6,77607,4.31
1973-11-01,46.0553,45.9,23.11,10.03,848.9,4.8,77920,4.31
1973-12-01,45.923,46.3,23.3,9.95,855.5,4.9,78031,4.31
1974-01-01,45.6204,46.8,23.523,9.65,859.7,5.1,78100,10.11
1974-02-01,45.4759,47.3,23.797,8.97,864.2,5.2,78254,10.11
1974-03-01,45.4777,47.8,24.073,9.35,870.1,5.1,78296,10.11
1974-04-01,45.3451,48.1,24.243,10.51,872.9,5.1,78382,10.11
1974-05-01,45.7044,48.6,24.482,11.31,874.6,5.1,78549,10.11
1974-06-01,45.6238,49.0,24.69,11.93,877.8,5.4,78604,10.11
1974-07-01,45.7221,49.3,24.872,12.92,881.4,5.5,78636,10.11
1974-08-01,45.2366,49.9,25.132,12.01,884.1,5.5,78619,10.11
1974-09-01,45.2365,50.6,25.393,11.34,887.9,5.9,78610,10.11
1974-10-01,45.1133,51.0,25.575,10.06,893.3,6.0,78630,11.16
1974-11-01,43.6278,51.5,25.767,9.45,898.6,6.6,78265,11.16
1974-12-01,42.0533,51.9,25.971,8.53,902.1,7.2,77652,11.16
1975-01-01,41.4676,52.3,26.132,7.13,906.3,8.1,77293,11.16
1975-02-01,40.5165,52.6,26.274,6.24,914.1,8.1,76918,11.16
1975-03-01,40.0638,52.8,26.363,5.54,925.0,8.6,76648,11.16
1975-04-01,40.1573,53.0,26.452,5.49,935.1,8.8,76460,11.16
1975-05-01,40.0253,53.1,26.558,5.22,947.9,9.0,76624,11.16
1975-06-01,40.2772,53.5,26.724,5.55,963.0,8.8,76521,11.16
1975-07-01,40.6994,54.0,26.953,6.1,975.1,8.6,76770,11.16
1975-08-01,41.0998,54.2,27.07,6.14,983.1,8.4,77153,11.16
1975-09-01,41.6304,54.6,27.204,6.24,991.5,8.4,77228,11.16
1975-10-01,41.8135,54.9,27.362,5.82,997.8,8.4,77540,11.16
1975-11-01,41.8697,55.3,27.538,5.22,1007.0,8.3,77685,11.16
1975-12-01,42.4414,55.6,27.69,5.2,1016.3,8.2,78017,11.16
1976-01-01,43.0012,55.8,27.795,4.87,1026.7,7.9,78503,11.16
1976-02-01,43.4229,55.9,27.831,4.77,1040.3,7.7,78816,12.03
1976-03-01,43.5168,56.0,27.873,4.84,1049.9,7.6,79048,12.1
1976-04-01,43.7327,56.1,27.936,4.82,1060.8,7.7,79292,12.17
1976-05-01,43.9186,56.4,28.069,5.29,1072.1,7.4,79312,12.17
1976-06-01,43.9637,56.7,28.192,5.48,1077.6,7.6,79376,12.17
1976-07-01,44.2141,57.0,28.335,5.31,1086.3,7.8,79547,12.17
1976-08-01,44.5182,57.3,28.491,5.29,1098.7,7.8,79704,12.17
1976-09-01,44.6721,57.6,28.651,5.25,1110.8,7.6,79892,13.9
1976-10-01,44.6585,57.9,28.801,5.02,1125.0,7.7,79911,13.9
1976-11-01,45.3392,58.1,28.932,4.95,1138.3,7.8,80240,13.9
1976-12-01,45.8294,58.4,29.094,4.65,1152.1,7.8,80448,13.9
1977-01-01,45.5087,58.7,29.263,4.61,1165.2,7.5,80690,13.9
1977-02-01,46.2277,59.3,29.492,4.68,1177.5,7.6,80988,13.9
1977-03-01,46.8185,59.6,29.64,4.69,1188.4,7.4,81391,13.9
1977-04-01,47.2684,60.0,29.812,4.73,1199.6,7.2,81728,13.9
1977-05-01,47.6411,60.2,29.963,5.35,1209.0,7.0,82088,13.9
1977-06-01,48.0116,60.5,30.131,5.39,1217.8,7.2,82488,13.9
1977-07-01,48.073,60.8,30.287,5.42,1226.8,6.9,82834,13.9
1977-08-01,48.1205,61.1,30.428,5.9,1237.1,7.0,83075,14.85
1977-09-01,48.3189,61.3,30.543,6.14,1246.3,6.8,83532,14.85
1977-10-01,48.3871,61.6,30.685,6.47,1254.0,6.8,83800,14.85
1977-11-01,48.4761,62.0,30.861,6.51,1262.4,6.8,84173,14.85
1977-12-01,48.5629,62.3,31.011,6.56,1270.4,6.4,84410,14.85
1978-01-01,47.8481,62.7,31.194,6.7,1279.7,6.4,84594,14.85
1978-02-01,48.1044,63.0,31.339,6.78,1285.4,6.3,84948,14.85
1978-03-01,49.0265,63.4,31.542,6.79,1292.1,6.3,85460,14.85
1978-04-01,50.0206,63.9,31.781,6.89,1300.3,6.1,86162,14.85
1978-05-01,50.254,64.5,32.008,7.36,1310.5,6.0,86509,14.85
1978-06-01,50.5801,65.0,32.217,7.6,1318.5,5.9,86950,14.85
1978-07-01,50.5384,65.5,32.393,7.81,1324.2,6.2,87204,14.85
1978-08-01,50.7458,65.9,32.557,8.04,1333.5,5.9,87483,14.85
1978-09-01,50.8744,66.5,32.742,8.45,1345.1,6.0,87621,14.85
1978-10-01,51.2559,67.1,33.003,8.96,1352.4,5.8,87956,14.85
1978-11-01,51.6514,67.5,33.19,9.76,1359.2,5.9,88391,14.85
1978-12-01,51.909,67.9,33.345,10.03,1366.1,6.0,88671,14.85
1979-01-01,51.6278,68.5,33.597,10.07,1371.6,5.9,88808,14.85
1979-02-01,51.8752,69.2,33.776,10.06,1377.7,5.9,89055,15.85
1979-03-01,52.0446,69.9,34.04,10.09,1387.7,5.8,89479,15.85
1979-04-01,51.4193,70.6,34.395,10.01,1402.1,5.8,89417,15.85
1979-05-01,51.8856,71.4,34.751,10.24,1410.2,5.6,89789,18.1
1979-06-01,51.8965,72.2,35.038,10.29,1423.0,5.7,90108,19.1
1979-07-01,51.8097,73.0,35.305,10.47,1434.8,5.7,90217,21.75
1979-08-01,51.4684,73.7,35.575,10.94,1446.6,6.0,90300,26.5
1979-09-01,51.4597,74.4,35.889,11.43,1454.2,5.9,90327,28.5
1979-10-01,51.8334,75.2,36.182,13.77,1460.4,6.0,90481,29.0
1979-11-01,51.7531,76.0,36.433,13.18,1465.9,5.9,90573,31.0
1979-12-01,51.7878,76.9,36.739,13.78,1473.9,6.0,90672,32.5
1980-01-01,52.0679,78.0,37.124,13.82,1482.7,6.3,90800,32.5
1980-02-01,52.082,79.0,37.526,14.13,1494.4,6.3,90883,37.0
1980-03-01,51.87,80.1,37.987,17.19,1499.7,6.3,90994,38.0
1980-04-01,50.8397,80.9,38.185,17.61,1502.2,6.9,90849,39.5
1980-05-01,49.589,81.7,38.482,10.98,1512.4,7.5,90420,39.5
1980-06-01,48.9482,82.5,38.725,9.47,1529.2,7.6,90101,39.5
1980-07-01,48.6039,82.6,39.026,9.03,1545.5,7.8,89840,39.5
1980-08-01,48.7563,83.2,39.351,9.61,1561.5,7.7,90099,38.0
1980-09-01,49.5608,83.9,39.715,10.87,1574.0,7.5,90213,36.0
1980-10-01,50.1908,84.7,40.033,12.81,1584.7,7.5,90490,36.0
1980-11-01,51.0311,85.6,40.359,15.85,1595.7,7.5,90747,36.0
1980-12-01,51.3708,86.4,40.621,18.9,1599.9,7.2,90943,37.0
1981-01-01,51.0415,87.2,41.011,19.08,1607.0,7.5,91033,38.0
1981-02-01,50.824,88.0,41.426,15.93,1618.6,7.4,91105,38.0
1981-03-01,51.0826,88.6,41.715,14.7,1636.5,7.4,91210,38.0
1981-04-01,50.858,89.1,41.897,15.72,1659.2,7.2,91283,38.0
1981-05-01,51.1495,89.7,42.085,18.52,1664.3,7.5,91296,38.0
1981-06-01,51.4101,90.5,42.253,19.1,1670.4,7.5,91490,36.0
1981-07-01,51.7471,91.5,42.508,19.04,1681.9,7.2,91601,36.0
1981-08-01,51.6826,92.2,42.774,17.82,1694.3,7.4,91565,36.0
1981-09-01,51.4337,93.1,43.033,15.87,1706.0,7.6,91477,36.0
1981-10-01,51.0281,93.4,43.228,15.08,1721.7,7.9,91380,35.0
1981-11-01,50.435,93.8,43.46,13.31,1736.0,8.3,91171,36.0
1981-12-01,49.8987,94.1,43.594,12.37,1755.5,8.5,90895,35.0
1982-01-01,48.8685,94.4,43.853,13.22,1770.4,8.6,90565,33.85
1982-02-01,49.8636,94.7,43.985,14.78,1774.4,8.9,90563,31.56
1982-03-01,49.5323,94.7,44.098,14.68,1786.4,9.0,90434,28.48
1982-04-01,49.075,95.0,44.12,14.94,1804.0,9.3,90150,33.45
1982-05-01,48.7483,95.9,44.382,14.45,1815.7,9.4,90107,35.93
1982-06-01,48.6214,97.0,44.704,14.15,1826.2,9.6,89865,35.07
1982-07-01,48.4616,97.5,44.969,12.59,1831.6,9.8,89521,34.16
1982-08-01,48.0192,97.7,45.108,10.12,1845.1,9.8,89363,33.95
1982-09-01,47.9008,97.7,45.233,10.31,1858.3,10.1,89183,35.63
1982-10-01,47.4371,98.1,45.487,9.71,1869.4,10.4,88907,35.68
1982-11-01,47.283,98.0,45.624,9.2,1883.4,10.8,88786,34.15
1982-12-01,46.9485,97.7,45.693,8.95,1905.9,10.8,88771,31.72
1983-01-01,47.8234,97.9,45.906,8.68,1959.4,10.4,88990,31.19
1983-02-01,47.5233,98.0,45.984,8.51,1996.7,10.4,88917,28.95
1983-03-01,47.9244,98.1,46.043,8.77,2015.2,10.3,89090,28.82
1983-04-01,48.5311,98.8,46.253,8.8,2028.9,10.2,89364,30.61
1983-05-01,48.8239,99.2,46.384,8.63,2043.6,10.1,89644,30.0
1983-06-01,49.123,99.4,46.557,8.98,2053.8,10.1,90021,31.0
1983-07-01,49.8546,99.8,46.82,9.37,2064.9,9.4,90437,31.66
1983-08-01,50.4443,100.1,47.02,9.56,2073.9,9.5,90129,31.91
1983-09-01,51.178,100.4,47.185,9.45,2083.0,9.2,91247,31.11
1983-10-01,51.5693,100.8,47.265,9.48,2098.8,8.8,91520,30.41
1983-11-01,51.7993,101.1,47.332,9.34,2111.9,8.5,91875,29.84
1983-12-01,52.0594,101.4,47.358,9.47,2123.4,8.3,92230,29.24
1984-01-01,53.0985,102.1,47.564,9.56,2138.0,8.0,92673,29.69
1984-02-01,53.3318,102.6,47.884,9.59,2158.2,7.8,93157,30.145
1984-03-01,53.5929,102.9,48.041,9.91,2175.3,7.8,93429,30.761
1984-04-01,53.91,103.3,48.224,10.29,2192.1,7.7,93792,30.618
1984-05-01,54.2026,103.5,48.285,10.32,2204.8,7.4,94098,30.52
1984-06-01,54.4014,103.7,48.371,11.06,2215.6,7.2,94479,29.967
1984-07-01,54.5521,104.1,48.544,11.23,2223.6,7.5,94789,28.752
1984-08-01,54.6083,104.4,48.693,11.64,2230.2,7.5,95032,29.25
1984-09-01,54.4466,104.7,48.759,11.3,2244.2,7.3,95344,29.311
1984-10-01,54.4406,105.1,48.874,9.99,2258.4,7.4,95629,28.765
1984-11-01,54.624,105.3,48.943,9.43,2280.9,7.2,95982,28.098
1984-12-01,54.6416,105.5,49.081,8.38,2306.3,7.3,96107,25.429
1985-01-01,54.6322,105.7,49.326,8.35,2332.1,7.3,96372,25.641
1985-02-01,54.7825,106.3,49.555,8.5,2353.9,7.2,96503,27.271
1985-03-01,54.8653,106.8,49.749,8.58,2366.3,7.2,96842,28.238
1985-04-01,54.7459,107.0,49.821,8.27,2375.8,7.3,97038,28.805
1985-05-01,54.8255,107.2,49.939,7.97,2390.4,7.2,97312,27.623
1985-06-01,54.7989,107.5,50.075,7.53,2413.3,7.4,97459,27.143
1985-07-01,54.5396,107.7,50.198,7.88,2429.6,7.4,97648,27.329
1985-08-01,54.7055,107.9,50.364,7.9,2443.9,7.1,97840,27.755
1985-09-01,54.8906,108.1,50.449,7.92,2456.2,7.1,98045,28.289
1985-10-01,54.7199,108.5,50.533,7.99,2467.6,7.1,98233,29.538
1985-11-01,54.9124,109.0,50.68,8.05,2477.3,7.0,98443,30.813
1985-12-01,55.4412,109.5,50.85,8.27,2492.0,7.0,98609,27.228
1986-01-01,55.7481,109.9,51.084,8.14,2501.6,6.7,98732,22.945
1986-02-01,55.3568,109.7,51.084,7.86,2512.5,7.2,98847,15.442
1986-03-01,54.9625,109.1,50.972,7.48,2533.1,7.2,98934,12.618
1986-04-01,55.0413,108.7,50.868,6.99,2558.1,7.1,99121,12.847
1986-05-01,55.1226,109.0,50.961,6.85,2585.7,7.2,99248,15.444
1986-06-01,54.9005,109.4,51.151,6.92,2605.7,7.2,99155,13.469
1986-07-01,55.2592,109.5,51.164,6.56,2626.6,7.0,99473,11.575
1986-08-01,55.1567,109.6,51.228,6.17,2646.5,6.9,99588,15.092
1986-09-01,55.2975,110.0,51.396,5.89,2667.9,7.0,99934,14.913
1986-10-01,55.5332,110.2,51.488,5.85,2687.1,7.0,100121,14.852
1986-11-01,55.7557,110.4,51.58,6.04,2701.0,6.9,100308,15.207
1986-12-01,56.2845,110.8,51.651,6.91,2728.0,6.6,100509,16.076
1987-01-01,56.0882,111.4,51.894,6.43,2743.3,6.6,100678,18.656
1987-02-01,56.8275,111.8,52.076,6.1,2747.0,6.6,100919,17.726
1987-03-01,56.9098,112.2,52.214,6.13,2753.5,6.6,101164,18.305
1987-04-01,57.2701,112.7,52.409,6.37,2767.8,6.3,101499,18.643
1987-05-01,57.6322,113.0,52.542,6.85,2773.7,6.3,101728,19.415
1987-06-01,57.9307,113.5,52.741,6.73,2775.3,6.2,101900,20.034
1987-07-01,58.3258,113.8,52.863,6.58,2779.0,6.1,102247,21.355
1987-08-01,58.7636,114.3,53.072,6.73,2788.3,6.0,102420,20.274
1987-09-01,58.9951,114.7,53.251,7.22,2799.6,5.9,102647,19.526
1987-10-01,59.781,115.0,53.42,7.29,2814.7,6.0,103138,19.848
1987-11-01,60.0726,115.4,53.521,6.69,2818.9,5.8,103372,18.92
1987-12-01,60.4095,115.6,53.62,6.77,2826.7,5.7,103661,17.241
1988-01-01,60.3976,116.0,53.828,6.83,2846.9,5.7,103753,17.16
1988-02-01,60.7003,116.2,53.908,6.58,2869.6,5.7,104214,16.765
1988-03-01,60.8501,116.5,54.093,6.58,2890.2,5.7,104489,16.217
1988-04-01,61.2031,117.2,54.356,6.87,2910.4,5.4,104732,17.875
1988-05-01,61.0797,117.5,54.514,7.09,2926.6,5.6,104962,17.438
1988-06-01,61.2569,118.0,54.746,7.51,2939.0,5.4,105326,16.53
1988-07-01,61.2659,118.5,55.012,7.75,2947.2,5.4,105550,15.498
1988-08-01,61.5731,119.0,55.175,8.01,2952.1,5.6,105674,15.524
1988-09-01,61.3807,119.5,55.444,8.19,2957.2,5.4,106013,14.467
1988-10-01,61.6453,119.9,55.625,8.3,2965.4,5.4,106276,13.798
1988-11-01,61.7944,120.3,55.754,8.35,2980.3,5.3,106617,13.977
1988-12-01,62.0743,120.7,55.928,8.76,2988.8,5.3,106898,16.266
1989-01-01,62.2574,121.2,56.215,9.12,2991.2,5.4,107161,17.983
1989-02-01,61.9819,121.6,56.402,9.36,2991.2,5.2,107427,17.826
1989-03-01,62.1369,122.2,56.612,9.85,2998.9,5.0,107621,19.445
1989-04-01,62.1276,123.1,56.989,9.84,3005.5,5.2,107791,21.04
1989-05-01,61.7744,123.7,57.197,9.81,3012.1,5.2,107913,20.032
1989-06-01,61.7697,124.1,57.322,9.53,3028.6,5.3,108027,20.005
1989-07-01,61.1738,124.5,57.459,9.24,3052.5,5.2,108069,19.644
1989-08-01,61.7732,124.5,57.466,8.99,3074.6,5.2,108120,18.522
1989-09-01,61.5796,124.8,57.594,9.02,3092.9,5.3,108369,19.594
1989-10-01,61.4966,125.4,57.819,8.84,3114.3,5.3,108476,20.091
1989-11-01,61.7044,125.9,57.945,8.55,3133.6,5.4,108752,19.82
1989-12-01,62.0428,126.3,58.113,8.45,3153.4,5.4,108836,21.088
1990-01-01,61.729,127.5,58.553,8.23,3166.3,5.4,109196,22.641
1990-02-01,62.2896,128.0,58.811,8.24,3178.2,5.3,109436,22.108
1990-03-01,62.5999,128.6,59.033,8.28,3189.2,5.2,109640,20.418
1990-04-01,62.4359,128.9,59.157,8.26,3201.2,5.4,109674,18.582
1990-05-01,62.6258,129.1,59.29,8.18,3201.3,5.4,109828,18.237
1990-06-01,62.8382,129.9,59.552,8.29,3214.6,5.2,109850,16.871
1990-07-01,62.7284,130.5,59.699,8.15,3224.7,5.5,109815,18.638
1990-08-01,62.9475,131.6,60.096,8.13,3242.1,5.7,109607,27.174
1990-09-01,62.9523,132.5,60.465,8.2,3254.7,5.9,109522,33.687
1990-10-01,62.5845,133.4,60.811,8.11,3259.2,5.9,109377,35.922
1990-11-01,61.7887,133.7,60.888,7.81,3262.8,6.2,109222,32.3
1990-12-01,61.3352,134.2,60.945,7.31,3272.5,6.3,109168,27.337
1991-01-01,61.1355,134.7,61.177,6.91,3287.4,6.4,109058,24.959
1991-02-01,60.6838,134.8,61.208,6.25,3303.6,6.6,108735,20.523
1991-03-01,60.3346,134.8,61.221,6.12,3321.0,6.8,108568,19.86
1991-04-01,60.4938,135.1,61.332,5.91,3331.9,6.7,108350,20.823
1991-05-01,61.0633,135.6,61.586,5.78,3343.6,6.9,108253,21.24
1991-06-01,61.5581,136.0,61.69,5.9,3352.8,6.9,108330,20.195
1991-07-01,61.7305,136.2,61.787,5.82,3356.2,6.8,108290,21.42
1991-08-01,61.7298,136.6,61.931,5.66,3355.0,6.9,108300,21.688
1991-09-01,62.2195,137.0,62.144,5.45,3355.0,6.9,108335,21.857
1991-10-01,62.1855,137.2,62.26,5.21,3360.0,7.0,108361,23.228
1991-11-01,62.0871,137.8,62.397,4.81,3365.8,7.0,108300,22.465
1991-12-01,61.7852,138.2,62.553,4.43,3373.0,7.3,108330,19.517
1992-01-01,61.4616,138.3,62.638,4.03,3380.9,7.3,108365,18.82
1992-02-01,61.8955,138.6,62.797,4.06,3399.3,7.4,108312,18.995
1992-03-01,62.4232,139.1,62.949,3.98,3403.1,7.4,108367,18.916
1992-04-01,62.897,139.4,63.119,3.73,3399.2,7.4,108516,20.243
1992-05-01,63.104,139.7,63.203,3.82,3399.1,7.6,108646,20.94
1992-06-01,63.1363,140.1,63.315,3.76,3394.0,7.8,108706,22.375
1992-07-01,63.7176,140.5,63.524,3.25,3393.9,7.7,108793,21.759
1992-08-01,63.3613,140.8,63.609,3.3,3398.7,7.6,108916,21.35
1992-09-01,63.5703,141.1,63.713,3.22,3410.4,7.6,108951,21.902
1992-10-01,63.9995,141.7,63.938,3.1,3423.9,7.3,109139,21.688
1992-11-01,64.2422,142.1,64.064,3.09,3426.9,7.4,109283,20.342
1992-12-01,64.3507,142.3,64.176,2.92,3425.3,7.4,109502,19.407
1993-01-01,64.5978,142.8,64.332,3.02,3418.9,7.3,109790,19.075
1993-02-01,64.9089,143.1,64.429,3.03,3413.8,7.1,110047,20.053
1993-03-01,64.8522,143.3,64.561,3.07,3410.9,7.0,110004,20.347
1993-04-01,65.0301,143.8,64.733,2.96,3410.7,7.1,110300,20.27
1993-05-01,64.784,144.2,64.933,3.0,3437.5,7.1,110571,19.94
1993-06-01,64.9301,144.3,64.955,3.04,3442.7,7.0,110742,19.07
1993-07-01,65.1052,144.5,65.059,3.06,3441.9,6.9,111054,17.866
1993-08-01,65.0267,144.8,65.17,3.03,3445.6,6.8,111200,18.009
1993-09-01,65.3717,145.0,65.238,3.09,3452.6,6.7,111448,17.514
1993-10-01,65.8509,145.6,65.443,2.99,3456.9,6.8,111734,18.145
1993-11-01,66.1518,146.0,65.567,3.02,3470.7,6.6,111987,16.699
1993-12-01,66.5436,146.3,65.582,2.96,3475.0,6.5,112325,14.51
1994-01-01,66.7351,146.3,65.604,3.05,3474.8,6.6,112601,15.0
1994-02-01,66.774,146.7,65.756,3.25,3475.1,6.6,112782,14.78
1994-03-01,67.4552,147.1,65.937,3.34,3479.2,6.5,113245,14.66
1994-04-01,67.8541,147.2,66.015,3.56,3480.5,6.4,113589,16.38
1994-05-01,68.1663,147.5,66.111,4.01,3491.4,6.1,113922,17.88
1994-06-01,68.6265,147.9,66.272,4.25,3479.8,6.1,114239,19.07
1994-07-01,68.7178,148.4,66.481,4.26,3488.1,6.1,114608,19.65
1994-08-01,69.1785,149.0,66.634,4.47,3485.6,6.0,114902,18.38
1994-09-01,69.3961,149.3,66.708,4.73,3486.7,5.9,115246,17.46
1994-10-01,69.9544,149.4,66.821,4.76,3484.8,5.8,115457,17.71
1994-11-01,70.4326,149.8,66.948,5.29,3487.8,5.6,115867,18.1
1994-12-01,71.1523,150.1,66.991,5.45,3486.7,5.5,116174,17.16
1995-01-01,71.2734,150.5,67.127,5.53,3492.2,5.6,116505,17.99
1995-02-01,71.193,150.9,67.246,5.92,3489.2,5.4,116694,18.53
1995-03-01,71.3113,151.2,67.37,5.98,3489.9,5.4,116908,18.55
1995-04-01,71.1882,151.8,67.547,6.05,3498.2,5.8,117066,19.87
1995-05-01,71.5378,152.1,67.651,6.01,3525.1,5.6,117046,19.74
1995-06-01,71.7749,152.4,67.717,6.0,3549.4,5.6,117291,18.42
1995-07-01,71.4748,152.6,67.802,5.85,3567.5,5.7,117382,17.3
1995-08-01,72.4223,152.9,67.948,5.74,3588.9,5.7,117646,18.03
1995-09-01,72.7144,153.1,67.995,5.8,3602.9,5.6,117873,18.23
1995-10-01,72.5866,153.5,68.171,5.76,3614.1,5.5,118026,17.44
1995-11-01,72.7779,153.7,68.169,5.8,3620.4,5.6,118165,17.99
1995-12-01,73.0305,153.9,68.3,5.6,3629.8,5.6,118325,19.04
1996-01-01,72.6125,154.7,68.452,5.56,3647.4,5.6,118317,18.88
1996-02-01,73.6752,155.0,68.56,5.22,3660.8,5.5,118738,19.07
1996-03-01,73.585,155.5,68.767,5.31,3685.4,5.5,118992,21.36
1996-04-01,74.3172,156.1,68.973,5.22,3696.4,5.6,119158,23.57
1996-05-01,74.8726,156.4,69.092,5.24,3710.7,5.6,119497,21.25
1996-06-01,75.4433,156.7,69.091,5.27,3723.3,5.3,119770,20.45
1996-07-01,75.4549,157.0,69.237,5.4,3737.5,5.5,120019,21.32
1996-08-01,75.8411,157.2,69.303,5.22,3744.1,5.1,120198,21.96
1996-09-01,76.3158,157.7,69.499,5.3,3754.2,5.2,120400,23.99
1996-10-01,76.3384,158.2,69.709,5.24,3773.4,5.2,120665,24.9
1996-11-01,77.0397,158.7,69.833,5.31,3795.5,5.4,120947,23.71
1996-12-01,77.5333,159.1,69.914,5.29,3818.7,5.4,121143,25.39
1997-01-01,77.6562,159.4,70.005,5.25,3834.0,5.3,121356,25.17
1997-02-01,78.5833,159.7,70.151,5.19,3845.0,5.2,121673,22.21
1997-03-01,79.082,159.8,70.225,5.39,3859.5,5.2,121991,20.99
1997-04-01,79.1747,159.9,70.294,5.51,3875.8,5.1,122289,19.72
1997-05-01,79.6133,159.9,70.262,5.5,3890.5,4.9,122560,20.83
1997-06-01,79.9792,160.2,70.352,5.56,3907.1,5.0,122816,19.17
1997-07-01,80.6624,160.4,70.394,5.52,3924.9,4.9,123114,19.63
1997-08-01,81.4694,160.8,70.45,5.54,3957.7,4.8,123087,19.93
1997-09-01,82.2156,161.2,70.62,5.54,3973.7,4.9,123575,19.79
1997-10-01,82.9446,161.5,70.712,5.5,3992.7,4.7,123924,21.26
1997-11-01,83.5978,161.7,70.716,5.52,4015.0,4.6,124225,20.17
1997-12-01,83.9538,161.8,70.701,5.5,4033.0,4.7,124549,18.32
1998-01-01,84.3218,162.0,70.736,5.56,4055.2,4.6,124806,16.71
1998-02-01,84.4583,162.0,70.699,5.51,4087.3,4.6,125017,16.06
1998-03-01,84.488,162.0,70.71,5.49,4112.4,4.7,125165,15.02
1998-04-01,84.7779,162.2,70.798,5.45,4138.9,4.3,125445,15.44
1998-05-01,85.3367,162.6,70.895,5.49,4165.9,4.4,125845,14.86
1998-06-01,84.8248,162.8,70.835,5.56,4185.6,4.5,126076,13.66
1998-07-01,84.4986,163.2,71.01,5.54,4205.4,4.5,126212,14.08
1998-08-01,86.248,163.4,71.108,5.55,4229.3,4.5,126546,13.36
1998-09-01,86.2021,163.5,71.067,5.51,4268.3,4.6,126744,14.95
1998-10-01,86.7914,163.9,71.223,5.07,4308.2,4.5,126949,14.39
1998-11-01,86.7256,164.1,71.226,4.83,4346.8,4.4,127222,12.85
1998-12-01,87.1185,164.4,71.298,4.68,4375.5,4.4,127595,11.28
1999-01-01,87.4949,164.7,71.398,4.63,4401.7,4.3,127699,12.47
1999-02-01,88.027,164.7,71.358,4.76,4423.7,4.4,128117,12.01
1999-03-01,88.2267,164.8,71.412,4.81,4430.1,4.2,128234,14.66
1999-04-01,88.4295,165.9,71.757,4.74,4459.9,4.3,128595,17.34
1999-05-01,88.9886,166.0,71.804,4.74,4487.9,4.2,128813,17.75
1999-06-01,88.9188,166.0,71.826,4.76,4510.1,4.3,129084,17.89
1999-07-01,89.4333,166.7,72.017,4.99,4537.6,4.3,129422,20.07
1999-08-01,89.7924,167.1,72.148,5.07,4553.6,4.2,129572,21.26
1999-09-01,89.4299,167.8,72.407,5.22,4569.5,4.2,129771,23.88
1999-10-01,90.523,168.1,72.529,5.2,4592.9,4.1,130178,22.64
1999-11-01,90.9618,168.4,72.594,5.42,4611.9,4.1,130466,24.97
1999-12-01,91.6634,168.8,72.763,5.3,4639.1,4.0,130783,26.08
2000-01-01,91.538,169.3,72.961,5.45,4666.1,4.0,131011,27.18
2000-02-01,91.8239,170.0,73.191,5.73,4678.7,4.1,131120,29.35
2000-03-01,92.1504,171.0,73.505,5.85,4709.1,4.0,131604,29.89
2000-04-01,92.6989,170.9,73.444,6.02,4766.4,3.8,131884,25.74
2000-05-01,92.9499,171.2,73.505,6.27,4757.5,4.0,132105,28.78
2000-06-01,92.9862,172.2,73.754,6.53,4775.8,4.0,132063,31.83
2000-07-01,92.8048,172.7,73.939,6.54,4793.4,4.0,132228,29.77
2000-08-01,92.5521,172.7,73.934,6.5,4820.4,4.1,132234,31.22
2000-09-01,92.9792,173.6,74.252,6.52,4855.9,3.9,132337,33.88
2000-10-01,92.6179,173.9,74.353,6.51,4871.4,3.9,132352,33.08
2000-11-01,92.6438,174.2,74.457,6.51,4882.6,3.9,132556,34.4
2000-12-01,92.3415,174.6,74.571,6.4,4927.3,3.9,132716,28.46
2001-01-01,91.902,175.6,74.932,5.98,4976.8,4.2,132703,29.58
2001-02-01,91.3034,176.0,75.048,5.49,5014.9,4.2,132788,29.61
2001-03-01,91.1162,176.1,75.055,5.31,5072.2,4.3,132751,27.24
2001-04-01,90.7891,176.4,75.187,4.8,5137.9,4.4,132458,27.41
2001-05-01,90.3555,177.3,75.385,4.21,5139.1,4.3,132408,28.64
2001-06-01,89.8784,177.7,75.518,3.97,5182.3,4.5,132300,27.6
2001-07-01,89.3028,177.4,75.493,3.77,5212.0,4.6,132172,26.45
2001-08-01,89.2003,177.4,75.484,3.65,5244.4,4.9,132021,27.47
2001-09-01,88.7485,178.1,75.227,3.07,5355.9,5.0,131763,25.88
2001-10-01,88.5052,177.6,75.492,2.49,5344.0,5.3,131452,22.21
2001-11-01,87.97,177.5,75.441,2.09,5387.5,5.5,131144,19.67
2001-12-01,87.9324,177.4,75.363,1.82,5440.1,5.7,130983,19.33
2002-01-01,88.5176,177.7,75.431,1.73,5459.6,5.7,130859,19.67
2002-02-01,88.5278,178.0,75.558,1.74,5488.4,5.7,130737,20.74
2002-03-01,89.1686,178.5,75.763,1.73,5499.8,5.7,130722,24.42
2002-04-01,89.604,179.3,76.08,1.75,5501.3,5.9,130616,26.27
2002-05-01,89.964,179.5,76.13,1.75,5530.1,5.8,130632,27.02
2002-06-01,90.7061,179.6,76.225,1.75,5555.3,5.8,130674,25.52
2002-07-01,90.6769,180.0,76.393,1.73,5597.6,5.8,130584,26.94
2002-08-01,90.5762,180.5,76.543,1.74,5638.5,5.7,130581,28.38
2002-09-01,90.6531,180.8,76.681,1.75,5662.9,5.7,130502,29.67
2002-10-01,90.4643,181.2,76.821,1.75,5707.3,5.7,130617,28.85
2002-11-01,90.9711,181.5,76.897,1.34,5758.0,5.9,130616,26.27
2002-12-01,90.4652,181.8,76.971,1.24,5779.0,6.0,130465,29.42
2003-01-01,91.2361,182.6,77.201,1.24,5811.1,5.8,130573,32.94
2003-02-01,91.3445,183.6,77.526,1.26,5846.8,5.9,130441,35.87
2003-03-01,91.1044,183.9,77.725,1.25,5866.3,5.9,130235,33.55
2003-04-01,90.5617,183.2,77.593,1.26,5904.9,6.0,130173,28.25
2003-05-01,90.537,182.9,77.504,1.26,5967.0,6.1,130197,28.14
2003-06-01,90.6527,183.1,77.588,1.22,6003.9,6.3,130186,30.72
2003-07-01,91.1185,183.7,77.816,1.01,6050.4,6.2,130184,30.76
2003-08-01,90.9197,184.5,78.079,1.03,6107.0,6.1,130153,31.59
2003-09-01,91.5059,185.1,78.323,1.01,6080.0,6.1,130252,28.29
2003-10-01,91.6186,184.9,78.333,1.01,6070.2,6.0,130439,30.33
2003-11-01,92.2329,185.0,78.432,1.0,6075.5,5.8,130480,31.09
2003-12-01,92.2602,185.5,78.605,0.98,6073.5,5.7,130589,32.15
2004-01-01,92.4006,186.3,78.909,1.0,6081.3,5.7,130756,34.27
2004-02-01,92.958,186.7,79.077,1.01,6120.7,5.6,130821,34.74
2004-03-01,92.5861,187.1,79.199,1.0,6156.3,5.8,131140,36.76
2004-04-01,92.93,187.4,79.346,1.0,6198.5,5.6,131412,36.69
2004-05-01,93.6013,188.2,79.604,1.0,6277.2,5.6,131697,40.28
2004-06-01,92.871,188.9,79.831,1.03,6279.3,5.6,131794,38.02
2004-07-01,93.5649,189.1,79.905,1.26,6292.3,5.5,131854,40.69
2004-08-01,93.6277,189.2,79.946,1.43,6317.7,5.4,131939,44.94
2004-09-01,93.7467,189.8,80.104,1.61,6352.3,5.4,132089,45.95
2004-10-01,94.5465,190.8,80.448,1.76,6379.9,5.5,132429,53.13
2004-11-01,94.7813,191.7,80.758,1.93,6406.3,5.4,132503,48.46
2004-12-01,95.5365,191.7,80.801,2.16,6424.3,5.4,132630,43.33
2005-01-01,95.8801,191.6,80.907,2.28,6429.9,5.3,132781,46.84
2005-02-01,96.5761,192.4,81.132,2.5,6437.7,5.4,133034,47.97
2005-03-01,96.4456,193.1,81.375,2.63,6446.6,5.2,133154,54.31
2005-04-01,96.6532,193.7,81.603,2.79,6461.4,5.2,133520,53.04
2005-05-01,96.7402,193.6,81.649,3.0,6480.6,5.1,133689,49.83
2005-06-01,97.1753,193.7,81.7,3.04,6513.2,5.0,133948,56.26
2005-07-01,96.8676,194.9,82.046,3.26,6545.1,5.0,134300,58.7
2005-08-01,97.1833,196.1,82.377,3.5,6576.7,4.9,134502,64.97
2005-09-01,95.3005,198.8,83.172,3.62,6610.2,5.0,134552,65.57
2005-10-01,96.4572,199.1,83.305,3.78,6644.0,5.0,134641,62.37
2005-11-01,97.5414,198.1,83.131,4.0,6660.6,5.0,134997,58.3
2005-12-01,98.0452,198.1,83.131,4.16,6687.4,4.9,135159,59.43
2006-01-01,98.1999,199.3,83.534,4.29,6728.4,4.7,135427,65.51
2006-02-01,98.2413,199.4,83.584,4.49,6753.1,4.8,135733,61.63
2006-03-01,98.4628,199.7,83.746,4.59,6766.9,4.7,136038,62.9
2006-04-01,98.7618,200.7,84.135,4.79,6806.3,4.7,136210,69.69
2006-05-01,98.7869,201.3,84.361,4.94,6815.7,4.6,136249,70.94
2006-06-01,99.0997,201.8,84.569,4.99,6854.0,4.6,136337,70.96
2006-07-01,99.0489,202.9,84.858,5.24,6896.1,4.7,136529,74.41
2006-08-01,99.4836,203.8,85.125,5.25,6926.4,4.7,136692,73.05
2006-09-01,99.3183,202.8,84.902,5.25,6952.8,4.5,136826,63.87
2006-10-01,99.2044,201.9,84.702,5.25,7002.1,4.4,136843,58.88
2006-11-01,99.1627,202.0,84.731,5.25,7037.3,4.5,137060,59.37
2006-12-01,100.1735,203.1,85.032,5.24,7079.3,4.4,137249,62.03
2007-01-01,99.8346,203.437,85.316,5.25,7115.6,4.6,137472,54.57
2007-02-01,100.7753,204.226,85.581,5.26,7131.9,4.5,137560,59.26
2007-03-01,100.9547,205.288,85.894,5.26,7164.7,4.4,137784,60.56
2007-04-01,101.6334,205.904,86.096,5.25,7239.9,4.5,137847,63.97
2007-05-01,101.7306,206.755,86.346,5.25,7257.1,4.4,137992,63.46
2007-06-01,101.7893,207.234,86.529,5.25,7290.6,4.6,138070,67.48
2007-07-01,101.6672,207.603,86.661,5.26,7321.8,4.7,138044,74.18
2007-08-01,101.863,207.667,86.72,5.02,7397.0,4.6,138013,72.39
2007-09-01,102.0894,208.547,87.054,4.94,7413.8,4.7,138099,79.93
2007-10-01,101.8015,209.19,87.318,4.76,7429.0,4.7,138175,86.2
2007-11-01,102.3446,210.834,87.781,4.49,7454.0,4.7,138290,94.62
2007-12-01,102.3803,211.445,87.984,4.24,7482.7,5.0,138395,91.73
2008-01-01,102.2448,212.174,88.206,3.94,7513.6,5.0,138391,92.95
2008-02-01,101.8438,212.687,88.382,2.98,7600.3,4.9,138329,95.35
2008-03-01,101.5336,213.448,88.635,2.61,7664.9,5.1,138259,105.56
2008-04-01,100.8785,213.942,88.799,2.28,7711.4,5.0,138040,112.57
2008-05-01,100.2674,215.208,89.18,1.98,7728.3,5.4,137851,125.39
2008-06-01,100.0335,217.463,89.827,2.0,7747.3,5.6,137700,133.93
2008-07-01,99.676,219.016,90.245,2.01,7794.9,5.8,137497,133.44
2008-08-01,98.1111,218.69,90.172,2.0,7808.8,6.1,137211,116.61
2008-09-01,93.7895,218.877,90.247,1.81,7873.6,6.1,136760,103.9
2008-10-01,94.7219,216.995,89.651,0.97,7976.3,6.5,136291,76.65
2008-11-01,93.4715,213.153,88.593,0.39,8027.8,6.8,135541,57.44
2008-12-01,90.8357,211.398,88.098,0.16,8203.0,7.3,134847,41.02
2009-01-01,88.57,211.933,88.108,0.15,8284.2,7.8,134079,41.74
2009-02-01,88.031,212.705,88.266,0.22,8314.7,8.3,133318,39.16
2009-03-01,86.6528,212.495,88.169,0.18,8380.5,8.7,132494,47.98
2009-04-01,85.9344,212.709,88.295,0.15,8390.2,9.0,131822,49.79
2009-05-01,85.0665,213.022,88.387,0.18,8452.9,9.4,131466,59.16
2009-06-01,84.7459,214.79,88.912,0.21,8462.9,9.5,131008,69.68
2009-07-01,85.7027,214.726,88.922,0.16,8467.3,9.5,130662,64.09
2009-08-01,86.6426,215.445,89.18,0.16,8466.2,9.6,130472,71.06
2009-09-01,87.4063,215.861,89.324,0.15,8462.7,9.8,130246,69.46
2009-10-01,87.6419,216.509,89.663,0.12,8489.2,10.0,130061,75.82
2009-11-01,88.0221,217.234,89.887,0.12,8517.9,9.9,130057,78.08
2009-12-01,88.3793,217.347,89.939,0.12,8510.6,9.9,129808,74.3
2010-01-01,89.3426,217.488,90.136,0.11,8473.1,9.8,129802,78.22
2010-02-01,89.6779,217.281,90.134,0.13,8523.4,9.8,129706,76.42
2010-03-01,90.2928,217.353,90.261,0.16,8519.0,9.9,129866,81.24
2010-04-01,90.5991,217.403,90.31,0.2,8554.3,9.9,130120,84.48
2010-05-01,91.823,217.29,90.339,0.2,8612.0,9.6,130642,73.84
2010-06-01,91.9928,217.199,90.301,0.18,8631.0,9.4,130510,75.35
2010-07-01,92.3421,217.605,90.378,0.18,8642.3,9.4,130415,76.37
2010-08-01,92.6805,217.923,90.502,0.19,8690.5,9.5,130415,76.82
2010-09-01,92.9537,218.275,90.592,0.19,8719.6,9.5,130341,75.31
2010-10-01,92.6903,219.035,90.881,0.19,8769.8,9.4,130620,81.9
2010-11-01,92.7709,219.59,91.062,0.19,8790.3,9.8,130749,84.14
2010-12-01,93.6787,220.472,91.268,0.18,8822.0,9.3,130830,89.04
2011-01-01,93.4814,221.187,91.542,0.17,8844.5,9.1,130837,89.42
2011-02-01,93.1102,221.898,91.797,0.16,8909.9,9.0,131057,89.58
2011-03-01,94.0788,223.046,92.166,0.14,8967.7,9.0,131283,102.94
2011-04-01,93.7749,224.093,92.557,0.1,9033.6,9.1,131597,110.04
2011-05-01,93.888,224.806,92.838,0.09,9109.4,9.0,131703,101.33
2011-06-01,94.172,224.806,92.819,0.09,9184.2,9.1,131931,96.29
2011-07-01,94.636,225.395,92.977,0.07,9346.9,9.0,131992,97.19
2011-08-01,95.2749,226.106,93.196,0.1,9532.5,9.0,132125,86.33
2011-09-01,95.1961,226.597,93.327,0.08,9553.3,9.0,132344,85.61
2011-10-01,95.8568,226.75,93.329,0.07,9586.2,8.8,132553,86.41
2011-11-01,95.8485,227.169,93.52,0.08,9639.5,8.6,132690,97.21
2011-12-01,96.3571,227.223,93.574,0.07,9683.5,8.5,132888,98.57
2012-01-01,96.9318,227.842,93.894,0.08,9753.3,8.3,133246,100.24
2012-02-01,97.2435,228.329,94.104,0.1,9806.3,8.3,133509,102.25
2012-03-01,96.74,228.807,94.284,0.13,9849.3,8.2,133748,106.19
2012-04-01,97.4359,229.187,94.408,0.14,9905.0,8.2,133825,103.33
2012-05-01,97.6609,228.713,94.302,0.16,9951.9,8.2,133932,94.7
2012-06-01,97.6663,228.524,94.254,0.16,10023.7,8.2,134013,82.41
2012-07-01,97.8713,228.59,94.288,0.16,10076.0,8.2,134157,87.93
2012-08-01,97.4525,229.918,94.605,0.13,10147.8,8.1,134339,94.16
2012-09-01,97.381,231.015,94.893,0.14,10228.4,7.8,134517,94.72
2012-10-01,97.7193,231.638,95.174,0.16,10294.4,7.8,134669,89.57
2012-11-01,98.0777,231.249,95.109,0.16,10365.6,7.7,134825,86.66
2012-12-01,98.3101,231.221,95.094,0.16,10485.4,7.9,135074,88.25
2013-01-01,98.3342,231.679,95.275,0.14,10502.3,8.0,135257,94.69
2013-02-01,98.7941,232.937,95.614,0.15,10523.0,7.7,135546,95.32
2013-03-01,99.1921,232.282,95.488,0.14,10578.7,7.5,135689,93.05
2013-04-01,99.1065,231.797,95.391,0.15,10608.9,7.6,135873,92.07
2013-05-01,99.1839,231.893,95.461,0.11,10646.5,7.5,136096,94.8
2013-06-01,99.3897,232.445,95.673,0.09,10705.6,7.5,136279,95.8
2013-07-01,99.0814,232.9,95.792,0.09,10743.0,7.3,136391,104.61
2013-08-01,99.6543,233.456,95.934,0.08,10803.6,7.2,136646,106.57
2013-09-01,100.161,233.544,95.976,0.08,10865.8,7.2,136821,106.29
2013-10-01,100.082,233.669,96.103,0.09,10989.2,7.2,137041,100.54
2013-11-01,100.3158,234.1,96.246,0.08,10999.8,6.9,137317,93.86
2013-12-01,100.5175,234.719,96.414,0.09,11062.4,6.7,137372,97.63
2014-01-01,100.1599,235.288,96.614,0.07,11127.5,6.6,137561,94.62
2014-02-01,100.9168,235.547,96.66,0.07,11191.9,6.7,137712,100.82
2014-03-01,101.8942,236.028,96.815,0.08,11228.8,6.7,137985,100.8
2014-04-01,101.9928,236.468,96.987,0.09,11276.0,6.2,138298,102.07
2014-05-01,102.3836,236.918,97.147,0.09,11343.1,6.3,138513,102.18
2014-06-01,102.735,237.231,97.253,0.1,11398.4,6.1,138849,105.79
2014-07-01,102.9632,237.498,97.391,0.09,11452.5,6.2,139072,103.59
2014-08-01,102.7688,237.46,97.379,0.09,11477.8,6.1,139269,96.54
2014-09-01,103.0641,237.477,97.413,0.09,11520.7,5.9,139563,93.21
2014-10-01,103.0764,237.43,97.384,0.09,11596.5,5.7,139798,84.4
2014-11-01,103.7126,236.983,97.291,0.09,11638.9,5.8,140089,75.79
2014-12-01,103.7044,236.252,97.12,0.12,11721.2,5.6,140364,59.29
2015-01-01,102.8905,234.747,96.654,0.11,11806.2,5.7,140568,47.22
2015-02-01,102.2335,235.342,96.825,0.11,11920.7,5.5,140827,50.58
2015-03-01,101.8914,235.976,97.008,0.11,11919.1,5.4,140923,47.82
2015-04-01,101.3355,236.222,97.094,0.12,11953.4,5.4,141196,54.45
2015-05-01,100.8883,237.001,97.327,0.12,11981.9,5.6,141538,59.27
2015-06-01,100.571,237.657,97.516,0.13,12020.9,5.3,141709,59.82
2015-07-01,101.2228,238.034,97.605,0.13,12063.5,5.2,141991,50.9
2015-08-01,101.0367,238.033,97.612,0.14,12110.1,5.1,142125,42.87
2015-09-01,100.7547,237.498,97.477,0.14,12172.7,5.0,142275,45.48
2015-10-01,100.2675,237.733,97.477,0.12,12228.4,5.0,142579,46.22
2015-11-01,99.5298,238.017,97.538,0.12,12322.7,5.1,142808,42.44
2015-12-01,99.0417,237.761,97.456,0.24,12393.6,5.0,143077,37.19
2016-01-01,99.5607,237.652,97.496,0.34,12522.2,4.8,143210,31.68
2016-02-01,99.0445,237.336,97.445,0.38,12604.4,4.9,143406,30.32
2016-03-01,98.3096,238.08,97.673,0.36,12662.2,5.0,143662,37.55
2016-04-01,98.6421,238.992,97.993,0.37,12741.9,5.1,143854,40.75
2016-05-01,98.4184,239.557,98.153,0.37,12800.7,4.8,143900,46.71
2016-06-01,98.8833,240.222,98.325,0.38,12849.3,4.9,144147,48.76
2016-07-01,98.9992,240.101,98.342,0.39,12907.3,4.8,144520,44.65
2016-08-01,98.85,240.545,98.479,0.4,12986.7,4.9,144661,44.72
2016-09-01,98.7457,241.176,98.666,0.4,13052.7,5.0,144967,45.18
2016-10-01,98.7611,241.741,98.868,0.4,13124.5,4.9,145065,49.78
2016-11-01,98.3491,242.026,98.901,0.41,13214.2,4.7,145183,45.66
2016-12-01,99.0214,242.637,99.071,0.54,13240.6,4.7,145408,51.97
2017-01-01,98.7611,243.618,99.451,0.65,13318.9,4.7,145628,52.5
2017-02-01,98.3646,244.006,99.586,0.66,13395.2,4.6,145846,53.47
2017-03-01,99.0137,243.892,99.535,0.79,13464.6,4.4,145970,49.33
2017-04-01,100.0224,244.193,99.725,0.9,13520.3,4.4,146175,51.06
2017-05-01,100.1408,244.004,99.682,0.91,13567.4,4.4,146380,48.48
2017-06-01,100.3471,244.163,99.766,1.04,13577.0,4.3,146583,45.18
2017-07-01,100.1068,244.243,99.803,1.15,13638.5,4.3,146772,46.63
2017-08-01,99.6925,245.183,100.027,1.16,13695.0,4.4,146919,48.04
2017-09-01,99.7954,246.435,100.4,1.15,13743.0,4.3,147008,49.82
2017-10-01,101.0247,246.626,100.531,1.15,13801.5,4.2,147149,51.58
2017-11-01,101.2664,247.284,100.675,1.16,13849.1,4.2,147372,56.64
2017-12-01,101.4644,247.805,100.821,1.3,13887.3,4.1,147523,57.88
2018-01-01,101.4625,248.859,101.199,1.41,13902.4,4.0,147660,63.7
2018-02-01,101.7085,249.529,101.416,1.42,13949.8,4.1,148054,62.23
2018-03-01,102.2067,249.577,101.524,1.51,14014.5,4.0,148280,62.73
2018-04-01,103.3329,250.227,101.766,1.69,14034.8,4.0,148420,66.25
2018-05-01,102.4024,250.792,101.941,1.7,14091.0,3.8,148742,69.98
2018-06-01,103.198,251.018,102.029,1.82,14133.2,4.0,148960,67.87
2018-07-01,103.3646,251.214,102.137,1.91,14170.0,3.8,149020,70.98
2018-08-01,104.0327,251.663,102.208,1.91,14221.3,3.8,149277,68.06
2018-09-01,104.1004,252.182,102.418,1.95,14243.9,3.7,149358,70.23
2018-10-01,103.9856,252.772,102.595,2.19,14257.6,3.8,149527,70.75
2018-11-01,104.0681,252.594,102.63,2.2,14288.4,3.8,149617,56.96
2018-12-01,104.0936,252.767,102.701,2.27,14392.0,3.9,149809,49.52
2019-01-01,103.4021,252.561,102.648,2.4,14460.2,4.0,150060,51.38
2019-02-01,102.8371,253.319,102.836,2.4,14506.6,3.8,150067,54.95
2019-03-01,102.8757,254.277,103.069,2.41,14559.5,3.8,150295,58.15
2019-04-01,102.274,255.233,103.36,2.42,14594.0,3.7,150591,63.86
2019-05-01,102.392,255.296,103.435,2.39,14703.2,3.6,150618,60.83
2019-06-01,102.4375,255.213,103.484,2.38,14798.8,3.6,150838,54.66
2019-07-01,101.9408,255.802,103.622,2.4,14882.7,3.7,150937,57.35
2019-08-01,102.639,256.036,103.67,2.13,14974.4,3.6,151169,54.81
2019-09-01,102.2917,256.43,103.733,2.04,15047.2,3.5,151365,56.95
2019-10-01,101.4281,257.155,103.917,1.83,15185.6,3.6,151460,53.96
2019-11-01,101.9372,257.879,104.024,1.55,15301.3,3.6,151667,57.03
2019-12-01,101.7003,258.63,104.307,1.55,15351.5,3.6,151794,59.88
2020-01-01,101.0338,259.127,104.49,1.55,15425.0,3.6,152031,57.52
2020-02-01,101.3735,259.25,104.573,1.58,15492.8,3.5,152293,50.54
2020-03-01,97.4078,258.076,104.271,0.65,16034.4,4.4,150895,29.21
2020-04-01,84.5619,256.032,103.838,0.05,17064.0,14.8,130426,16.55
2020-05-01,85.9604,255.802,103.942,0.05,17931.9,13.2,133040,28.56
2020-06-01,91.5934,257.042,104.27,0.08,18180.0,11.0,137671,38.31
2020-07-01,95.0256,258.352,104.578,0.09,18331.4,10.2,139255,40.71
2020-08-01,95.9549,259.316,104.87,0.1,18413.3,8.4,140821,42.34
2020-09-01,95.9669,259.997,105.057,0.09,18605.0,7.8,141770,39.63
2020-10-01,96.7394,260.319,105.151,0.09,18759.9,6.9,142460,39.4
2020-11-01,97.0816,260.911,105.258,0.09,19002.4,6.7,142733,40.94
2020-12-01,98.363,262.045,105.699,0.09,19119.4,6.7,142548,47.02
2021-01-01,98.8822,262.687,106.147,0.09,19375.3,6.4,142863,52.0
2021-02-01,95.6149,263.579,106.5,0.08,19641.4,6.2,143380,59.04
2021-03-01,98.3856,264.961,107.054,0.07,19874.5,6.1,144232,62.33
2021-04-01,98.5587,266.614,107.618,0.07,20174.1,6.1,144587,61.72
2021-05-01,99.4333,268.383,108.175,0.06,20457.2,5.8,145065,65.17
2021-06-01,99.7987,270.654,108.76,0.08,20472.1,5.9,145820,71.38
2021-07-01,100.2519,271.903,109.256,0.1,20629.1,5.4,146762,72.49
2021-08-01,100.0437,272.676,109.674,0.09,20843.2,5.1,147314,67.73
2021-09-01,98.8579,273.91,110.034,0.08,20984.5,4.7,147771,71.65
2021-10-01,100.1861,276.55,110.762,0.08,21163.3,4.5,148572,81.48
2021-11-01,100.8654,278.919,111.5,0.08,21340.1,4.1,149230,79.15
2021-12-01,100.5726,280.845,112.191,0.08,21502.0,3.9,149816,71.71
2022-01-01,100.1856,282.543,112.805,0.08,21646.4,4.0,150006,83.22
2022-02-01,100.8064,284.5,113.471,0.08,21724.7,3.9,150825,91.64
2022-03-01,101.3907,287.674,114.469,0.2,21787.2,3.7,151315,108.5
2022-04-01,101.44,288.561,114.812,0.33,21767.6,3.7,151623,101.78
2022-05-01,101.3335,291.298,115.525,0.77,21717.4,3.6,151924,109.55
2022-06-01,101.018,294.957,116.638,1.21,21646.7,3.6,152358,114.84
2022-07-01,101.223,294.913,116.631,1.68,21649.2,3.5,153072,101.62
2022-08-01,101.0963,295.097,116.956,2.33,21641.9,3.6,153362,93.67
2022-09-01,101.2918,296.349,117.371,2.56,21541.3,3.5,153582,84.26
2022-10-01,101.2529,298.007,117.919,3.08,21464.1,3.6,153939,87.55
2022-11-01,100.9552,298.786,118.224,3.78,21409.4,3.6,154242,84.37
2022-12-01,99.7664,298.832,118.384,4.1,21293.1,3.5,154342,76.44
2023-01-01,100.505,300.42,119.018,4.33,21274.0,3.5,154776,78.12
2023-02-01,100.6416,301.45,119.369,4.57,21240.2,3.6,155066,76.83
2023-03-01,101.0205,301.821,119.538,4.65,20942.3,3.5,155134,73.28
2023-04-01,101.253,302.845,119.951,4.83,20758.3,3.4,155375,79.45
2023-05-01,100.9286,303.334,120.15,5.06,20829.6,3.6,155655,71.58
2023-06-01,100.1196,304.014,120.469,5.08,20798.9,3.6,155880,70.25
2023-07-01,100.9067,304.609,120.607,5.12,20792.2,3.5,156043,76.07
2023-08-01,100.8393,306.082,120.97,5.33,20782.0,3.7,156261,81.39
2023-09-01,101.0211,307.276,121.419,5.33,20753.6,3.7,156417,89.43
2023-10-01,100.4689,307.696,121.484,5.33,20737.5,3.9,156576,85.64
2023-11-01,100.8639,308.148,121.493,5.33,20749.7,3.7,156703,77.69
2023-12-01,100.6031,308.741,121.66,5.33,20779.9,3.8,156857,71.9
2024-01-01,99.2223,309.698,122.23,5.33,20835.5,3.7,157032,74.15
2024-02-01,100.285,310.967,122.598,5.33,20921.7,3.9,157238,77.25
2024-03-01,100.4575,312.345,123.038,5.33,20965.9,3.9,157466,81.28
2024-04-01,100.2434,313.023,123.341,5.33,20955.5,3.9,157530,85.35
2024-05-01,100.863,313.175,123.348,5.33,21021.7,3.9,157608,80.02
2024-06-01,100.894,313.044,123.539,5.33,21070.7,4.1,157695,79.77
2024-07-01,99.9757,313.569,123.736,5.33,21098.8,4.2,157748,81.8
2024-08-01,100.4309,314.062,123.889,5.33,21191.9,4.2,157757,76.68
2024-09-01,99.8084,314.732,124.164,5.13,21275.5,4.1,157912,70.24
2024-10-01,99.4695,315.631,124.494,4.83,21336.7,4.1,157945,71.99
2024-11-01,99.2925,316.528,124.637,4.64,21454.8,4.2,158079,69.95
2024-12-01,100.3273,317.604,124.979,4.48,21487.6,4.1,158316,70.12
2025-01-01,100.0647,318.961,125.417,4.33,21539.2,4.0,158268,75.74
2025-02-01,101.0993,319.679,125.921,4.33,21607.2,4.2,158310,71.53
2025-03-01,101.0404,319.785,125.941,4.33,21684.1,4.2,158377,68.24
2025-04-01,101.1279,320.302,126.15,4.33,21770.9,4.2,158485,63.54
2025-05-01,100.9655,320.62,126.38,4.33,21836.2,4.3,158498,62.17
2025-06-01,101.4785,321.435,126.743,4.33,21942.7,4.1,158478,68.17
2025-07-01,101.894,322.169,126.96,4.33,22025.5,4.3,158542,68.39
2025-08-01,101.6247,323.291,127.293,4.33,22092.5,4.3,158472,64.86
2025-09-01,101.668,324.245,127.625,4.22,22176.1,4.4,158548,63.96
2025-10-01,101.2195,,127.871,4.09,22249.8,,158408,60.89
2025-11-01,101.0344,325.063,128.152,3.88,22279.8,4.5,158449,60.06
2025-12-01,101.4941,326.031,128.576,3.72,22355.3,4.4,158432,57.97
